,title,OP,desc,date,url
56,Inside a Biden White House adrift - CNBC,2,"Amid a rolling series of calamities and sinking approval ratings, the president’s feeling lately is that he just can’t catch a break — and that angst is rippling through his party.",2022-05-31T12:02:07Z,https://www.cnbc.com/2022/05/31/inside-a-biden-white-house-adrift.html
17,"How Celtics grew into NBA's most resilient team, going from 'lowest moment' in January to Finals in June - CBS Sports",0,"The Celtics are 6-0 following a loss in the playoffs, and are 3-0 in elimination games",2022-05-31T13:43:00Z,https://www.cbssports.com/nba/news/how-celtics-grew-into-nbas-most-resilient-team-going-from-lowest-moment-in-january-to-finals-in-june/
18,New digital tool provides effective support for the treatment of pediatric obesity - News-Medical.Net,0,A mobile app that shows a child's weight development in real-time for children with obesity provides greater weight loss compared to conventional care.,2022-05-31T13:36:00Z,https://www.news-medical.net/news/20220531/New-digital-tool-provides-effective-support-for-the-treatment-of-pediatric-obesity.aspx
54,EU leaders say gas unlikely to be part of new round of Russia sanctions - The Guardian,0,Estonian PM says gas sanctions would be more difficult because it would affect whole of Europe,2022-05-31T12:04:00Z,https://amp.theguardian.com/world/2022/may/31/eu-leaders-say-gas-unlikely-to-be-part-of-new-round-of-russia-sanctions
39,12試合15ゴールのベンゼマがCL最優秀選手に選出 - Goal.com,2,"Get the latest soccer news, rumors, video highlights, scores, schedules, standings, photos, player information and more from Sporting News Canada",2022-05-31T12:38:30Z,https://www.sportingnews.com/ca/soccer
70,Garda investigation launched after 'alleged incident of assault' in Laois minor club game - Independent.ie,0,A Garda investigation has been launched in Laois after an &ldquo;alleged incident of assault&rdquo; at a minor club football game last night.,2022-05-31T11:28:00Z,https://www.independent.ie/sport/gaelic-games/garda-investigation-launched-after-alleged-incident-of-assault-in-laois-minor-club-game-41705980.html
83,"Troost-Ekong speaks on Super Eagles’ loss to Mexico, hails NPFL players - Daily Post Nigeria",0,"Super Eagles defender William Troost-Ekong has offered explanations for the team's 2-1 defeat to Mexico in Sunday's friendly encounter at the AT&T Stadium in Texas, United Sates. Jose Peseiro's side had little time to prepare for the game due to long travels …",2022-05-31T11:00:37Z,https://dailypost.ng/2022/05/31/troost-ekong-speaks-on-super-eagles-loss-to-mexico-hails-npfl-players/
26,Watch NASA's Mars helicopter complete a record-setting flight - Engadget,0,NASA's Mars helicopter has shared video of its record 25th flight..,2022-05-31T13:15:57Z,https://www.engadget.com/nasa-mars-helicopter-ingenuity-flight-video-131524301.html
16,First Impressions And Hands-On: Fujifilm X-H2S - Geek Culture,2,"The Fujifilm X-H2S is on the road to reign supreme as king of APS-C cameras, carrying a slate of handy features in tow.",2022-05-31T13:44:29Z,https://geekculture.co/first-impressions-fujifilm-x-h2s-king-of-aps-c-cameras/
6,"New artificial enzyme breaks down tough, woody lignin: Study shows promise for developing a new renewable energy source - Science Daily",0,"An innovative artificial enzyme has shown it can chew through woody lignin, an abundant carbon-based substance that stores tremendous potential for renewable energy and materials.",2022-05-31T14:05:40Z,https://www.sciencedaily.com/releases/2022/05/220531091530.htm
68,"Luxury car convoy crash: Businesswoman, bodyguard fined RM2,000 - The Star Online",0,"KULAI: A businesswoman and a bodyguard were each fined RM2,000 by the Magistrate's Court here on Tuesday (May 31) with regard to a crash and subsequent altercation along the North-South Highway, last March.",2022-05-31T11:29:00Z,https://www.thestar.com.my/news/nation/2022/05/31/luxury-car-convoy-crash-businesswoman-bodyguard-fined-rm2000
3,Strategic Donbas city split down the middle as fighting rages; EU to cut most Russian oil imports - CNBC,0,The European Union has agreed on a plan to block more than two-thirds of Russian oil imports as part of new punitive measures against the Kremlin.,2022-05-31T14:16:00Z,https://www.cnbc.com/2022/05/31/russia-ukraine-live-updates.html
78,La Salle sweeps feisty UP for 2nd; Adamson ousts FEU from Final Four race - Rappler,0,"La Salle rallies from 6 points down in the third set to shut down UP's comeback attempt, while Adamson kicks FEU out of playoff contention for the first time since 2014",2022-05-31T11:04:02Z,https://www.rappler.com/sports/uaap/game-results-volleyball-women-dlsu-lady-spikers-adamson-lady-falcons-may-31-2022/
74,German police raid DWS and Deutsche Bank over greenwashing allegations - Financial Times,2,"News, analysis and comment from the Financial Times, the worldʼs leading global business publication",2022-05-31T11:06:12Z,https://www.ft.com/content/ff27167d-5339-47b8-a261-6f25e1534942
89,Video shows Mona Lisa smeared with cake after bizarre protest - 1News,2,"The young man shouted at those in the Louvre to ""Think of the Earth!""",2022-05-31T10:40:57Z,https://www.1news.co.nz/2022/05/31/video-shows-mona-lisa-smeared-with-cake-after-bizarre-protest/
57,"vivo Y55+ To Officially Land In Malaysia; Costs RM1,099 - Lowyat.NET",0,vivo is officially bringing the vivo Y55+ 5G into Malaysia as part of Yes' Infinite Plus offering. It will be,2022-05-31T12:01:25Z,https://www.lowyat.net/2022/275016/vivo-y55-malaysia-rm1099/
29,Treasury extends general fuel levy cut - News24,0,"Treasury has decided to grant an extension of the reduction in the general fuel levy, which will soften the fuel price hike on Wednesday.",2022-05-31T13:05:46Z,https://www.news24.com/fin24/economy/giant-fuel-price-hike-avoided-as-government-steps-in-20220531
76,Starlink to compete with operators in Nigeria and Mozambique - Capacity Media,0,"Regulators in Nigeria and Mozambique have approved the start of broadband satellite services via Starlink, part of Elon Musk’s SpaceX.",2022-05-31T11:05:31Z,https://www.capacitymedia.com/article/2a62ld42y9ad5uuotxq80/news/starlink-to-compete-with-operators-in-nigeria-and-mozambique
19,"Stay in cellars, civilians told as half of Sievierodonetsk falls to Russia - The Guardian",0,"Mayor says 13,000 people remain in Ukrainian city as Russian forces advance ‘block by block’",2022-05-31T13:35:00Z,https://amp.theguardian.com/world/2022/may/31/russian-forces-sievierodonetsk-ukraine-fighting-city
95,Huawei Watch 3 with eSIM gets discounted price of 1879 yuan - HC Newsroom,0,"Huawei Watch 3 is the first smartwatch that comes with HarmonyOS operating system. The Huawei Watch 3 is currently at a discounted price of 1879 yuan during the special JD sale in China. During the Jingdong 618 pre-sale, the pre-sale price is 1,999 yuan for H…",2022-05-31T10:29:01Z,https://www.huaweicentral.com/huawei-watch-3-with-esim-gets-discounted-price-of-1879-yuan/
53,Second case of monkeypox confirmed in Republic of Ireland - http://gcn.ie/,0,"After the confirmation of the first case, HSE said it is ""not unexpected"" that a second case of monkeypox was confirmed in Ireland.",2022-05-31T12:04:08Z,https://gcn.ie/second-case-monkeypox-ireland/
90,Honor 70 - Droidsans,2,The First Android Community in Thailand,2022-05-31T10:37:21Z,https://droidsans.com/tag/honor-70/
22,Dólar abre con una caída de 103 pesos tras resultados electorales - El Tiempo,2,Use the Rich Result Test to see what Google results can be generated for your pages and the schema markup validator for generic schema validation.,2022-05-31T13:29:17Z,https://developers.google.com/search/docs/advanced/structured-data
25,"In Rajya Sabha list, BJP sticks to OBC-Dalit winning formula - The Indian Express",2,"Mukhtar Abbas Naqvi, who was not renominated, may get a key post or will be fielded in UP LS by-poll, say party insiders.",2022-05-31T13:16:04Z,https://indianexpress.com/article/india/political-pulse/in-rajya-sabha-list-bjp-sticks-to-obc-dalit-winning-formula-7945833/
27,iQOO Neo 6 Unboxing & First Look: Fastest phone under Rs 30000? - The Financial Express,0,"iQOO’s first ""Neo"" series phone, the iQOO Neo 6, is here. The new phone boasts of a fast 120Hz AMOLED display, Qualcomm’s Snapdragon 870 chip, 64MP triple re...",2022-05-31T13:13:46Z,https://www.youtube.com/watch?v=OznNXqHjHdk
24,"APC Primary: Our flagbearer must elicit victory, confidence before presidential election – Buhari - Daily Post Nigeria",0,President Muhammadu Buhari has told governors and stakeholders of the ruling All Progressives Congress (APC) that the forthcoming primary election slated for June 6 to 8 must produce a candidate that would give the Nigerian masses a sense of victory and confi…,2022-05-31T13:18:54Z,https://dailypost.ng/2022/05/31/apc-primary-our-flagbearer-must-elicit-victory-confidence-before-presidential-election-buhari/
80,Diablo: Immortal Won't Launch in Belgium and the Netherlands Due to Lootbox Laws - IGN - IGN,0,Diablo: Immortal will no longer be released in Belgium or the Netherlands due to lootboxes being illegal in both countries.,2022-05-31T11:01:40Z,https://www.ign.com/articles/diablo-immortal-launch-belgium-netherlands-lootbox-law
49,"""As A Pakistani I am Saying"" Virat Kohli Is The ""Greatest Player Of All Time"": Shoaib Akhtar - NDTV Sports",0,Virat Kohli had hit a purple patch between 2015 to 2019 amassing centuries at will across formats and also guiding the team to greater heights.,2022-05-31T12:22:58Z,https://sports.ndtv.com/cricket/as-a-pakistani-i-am-saying-virat-kohli-is-the-greatest-player-of-all-time-shoaib-akhtar-3026026
69,Canada summer forecast: The Weather Network's predictions - CTV News,0,"Seasonal or higher than normal temperatures across much of the country will offer Canadians a chance to enjoy the summer, but predictions from a prominent national forecaster warn the humidity could welcome a rather stormy few months.",2022-05-31T11:28:00Z,https://www.ctvnews.ca/canada/hot-summer-temperatures-big-storms-to-sweep-much-of-canada-weather-network-predicts-1.5925518
99,Peter Andre reveals his car has been broken into following his latest Grease performance - Daily Mail,0,"Peter Andre's car was broken into on Monday night, with the singer revealing the culprit had 'got all the stuff' while he was on stage.",2022-05-31T10:26:24Z,https://www.dailymail.co.uk/tvshowbiz/article-10870813/Peter-Andre-reveals-car-broken-following-latest-Grease-performance.html
97,House adopts Senate bill doubling monthly pension of indigent seniors - GMA News Online,0,"The House of Representatives has adopted the Senate version of the measure doubling the monthly social pension of indigent senior citizens from P500 to P1,000.",2022-05-31T10:27:02Z,https://www.gmanetwork.com/news/money/economy/833457/house-adopts-senate-bill-doubling-monthly-pension-of-indigent-seniors/story/
10,COVID-19 Outbreak Declared at Pioneer Ridge - Plaza 1 - Thunder Bay District Health Unit,0,"Thunder Bay District Health Unit provides public health information for residents of the Thunder Bay District in Northwestern Ontario. We investigate reportable diseases, animal bites, and other public health complaints.",2022-05-31T13:59:21Z,http://www.tbdhu.com/
65,"Rajasthan Board Result 2022 date, time: RBSE Result for 12th Science, Commerce tomorrow on rajresults.nic.in - Times Now",0,"Rajasthan Board Result 2022 date and time for RBSE 12th Result 2022 announced. BSER Ajmer likely to release RBSE 12th Science and RBSE 12th Commerce results tomorrow - June 1, 2022. Check Rajasthan Board Result 2022 date and time here.",2022-05-31T11:42:42Z,https://www.timesnownews.com/education/rajasthan-board-result-2022-date-time-rbse-result-for-12th-science-commerce-likely-june-1-on-rajresults-nic-in-article-91917442
84,I banned my children from eating sugar – this is what happened next - The Telegraph,2,"80 per cent of youngsters eat three times the recommended limit each day, so one mother-of-four decided to put her kids on a new regime",2022-05-31T11:00:00Z,https://www.telegraph.co.uk/family/life/banned-children-eating-sugar-happened-next/
77,What is West Nile fever? Know about symptoms and prevention - NewsBytes,0,"A 47-year-old man from Thrissur, Kerala breathed her last on May 29 after suffering from the mosquito-borne disease called the West Nile fever",2022-05-31T11:04:27Z,https://www.newsbytesapp.com/news/lifestyle/what-is-west-nile-fever/story
52,"The Guardian's Special Focus on Most Dependable, Value-Driven Credit and Loan firm in Nigeria - Guardian Nigeria",2,"Nigeria is a highly business-oriented economy with an estimated 37 million micro, small and medium-sized companies (MSMEs). The entrepreneurial economy contributes roughly 48% of the country’s gross domestic product and employs over 60 million people, making …",2022-05-31T12:16:00Z,https://editor.guardian.ng/features/the-guardians-special-focus-on-most-dependable-value-driven-credit-and-loan-firm-in-nigeria/
28,Functional nonlinear optical nanoparticles synthesized by laser ablation - Phys.org,0,"Nonlinear optics is an important research direction with various applications in laser manufacturing, nanostructures' fabrication, sensor design, optoelectronics, biophotonics, and quantum optics, etc. Nonlinear optical materials are the fundamental building …",2022-05-31T13:09:06Z,https://phys.org/news/2022-05-functional-nonlinear-optical-nanoparticles-laser.html
81,African Ministers Seek Ways to Boost Polio Outbreak Response - AllAfrica - Top Africa News,0,"African health ministers have met to seek ways of ramping up measures to halt the outbreak of Wild Poliovirus Type 1 in southern Africa, where the virus has been detected in two countries and a large-scale multi-country vaccination campaign is underway.

 

…",2022-05-31T11:00:40Z,https://allafrica.com/view/group/main/main/id/00082326.html
85,"LIC made Rs 42k crore gains via share sale in FY22, remains contrarian equity investor - Moneycontrol",2,The insurance behemoth will focus exclusively on increasing the share of non-participatory products to drive growth and profitability in FY23.,2022-05-31T10:52:55Z,https://www.moneycontrol.com/news/business/earnings/lic-made-rs-42k-crore-gains-via-share-sale-in-fy22-remains-contrarian-equity-investor-8614181.html
92,"Politics latest news: Boris Johnson faces no confidence vote by end of June, warns Lord Hague - The Telegraph",0,"A vote of no confidence in Boris Johnson's leadership is likely to take place by the end of June, Lord Hague has predicted as he said the Prime Minister is in &quot;very serious trouble&quot;.",2022-05-31T10:34:22Z,https://www.telegraph.co.uk/politics/2022/05/31/boris-johnson-news-vote-no-confidence-partygate-immigration/
38,'She was going to be someone.' Families and friends remember the victims of the Uvalde school massacre as the first funerals are held - CNN,2,Ten-year-old Maite Rodriguez wanted to be a marine biologist before she could say the words.,2022-05-31T12:46:00Z,https://www.cnn.com/2022/05/31/us/uvalde-texas-elementary-school-shooting-tuesday/index.html
82,New theoretical model accounts for sun's rotation and magnetic field - Phys.org,2,"In the early 2000s, a new set of data revised the chemical abundances at the surface of the sun, contradicting the values predicted by the standard models used by astrophysicists. Often challenged, these new abundances made it through several new analyses. As…",2022-05-31T11:00:38Z,https://phys.org/news/2022-05-theoretical-accounts-sun-rotation-magnetic.html
50,"For Arrested Delhi Minister Satyendar Jain, A Setback In Court - NDTV",0,"Delhi Health Minister Satyendar Jain, arrested in an alleged money laundering case, has been sent to Enforcement Directorate custody till June 9.",2022-05-31T12:21:00Z,https://www.ndtv.com/india-news/delhi-minister-satyendar-jain-sent-to-enforcement-directorate-custody-till-june-9-3025522
2,Monkeypox: What are the symptoms and what should you do if you have any? - Belfast Telegraph,2,The Public Health Agency (PHA) has issued a reminder to those who believe they may have contracted monkeypox to phone them before attending a healthcare centre.,2022-05-31T14:21:00Z,https://www.belfasttelegraph.co.uk/news/health/monkeypox-what-are-the-symptoms-and-what-should-you-do-if-you-have-any-41706674.html
20,"2022 French Open men's quarterfinal props, picks: Uncanny tennis expert reveals selections for Tuesday's Djokovic vs. Nadal matchup - SportsLine.com - SportsLine",0,Two of the greatest men's tennis players of all-time -- Rafael Nadal and Novak Djokovic -- collide in a blockbuster quarterfinal match on Tuesday...,2022-05-31T13:31:00Z,https://www.sportsline.com/insiders/2022-french-open-mens-quarterfinal-props-picks-uncanny-tennis-expert-reveals-selections-for-tuesdays-djokovic-vs-nadal-matchup/
46,"India Q4 GDP data: India's GDP grows at 8.7% in FY22, Q4 GDP rises 4.1% - The Indian Express",0,"India Q4 2022 GDP Data Today, GDP Data: India’s GDP grew at 8.7 per cent in the financial year 2021-22, while the GDP for the January-March quarter (Q4 FY22) rose 4.1 per cent, data released by the National Statistical Office (NSO) showed.",2022-05-31T12:26:51Z,https://indianexpress.com/article/business/economy/india-q4-gdp-provisional-estimates-2021-22-fy22-gross-domestic-product-data-7945742/
40,Exclusive: Supreme Court leak investigation heats up as clerks are asked for phone records in unprecedented move - CNN,0,"Supreme Court officials are escalating their search for the source of the leaked draft opinion that would overturn Roe v. Wade, taking steps to require law clerks to provide cell phone records and sign affidavits, three sources with knowledge of the efforts h…",2022-05-31T12:37:00Z,https://www.cnn.com/2022/05/31/politics/supreme-court-roe-v-wade-leak-phone-records/index.html
87,First Call: Aaron Donald doesn't 'need to play football to be fine'; Jacob Trouba takes out another skater - TribLIVE,0,Pitt Panthers great Aaron Donald continues to leave his future up in the air. A pair of former Pirates exchange big blows at the plate in New York. Jacob Trouba is at it again for the New York Rangers. And a one-time Penguin has a new job with another former,2022-05-31T10:44:35Z,https://triblive.com/sports/first-call-aaron-donald-doesnt-need-to-play-football-to-be-fine-jacob-trouba-takes-out-another-skater/
5,Queen pictured at Aberdeen airport as she returns to London ahead of Platinum Jubilee celebrations - Sky News,2,,2022-05-31T14:08:15Z,https://news.sky.com/story/queen-pictured-at-aberdeen-airport-as-she-returns-to-london-ahead-of-platinum-jubilee-celebrations-12624808
21,"Okorocha yet to meet bail conditions, may miss presidential screening - Punch Newspapers",0,"Okorocha yet to meet bail conditions, may miss presidential screening",2022-05-31T13:30:52Z,https://punchng.com/okorocha-yet-to-meet-bail-conditions-may-miss-presidential-screening/
32,"Home prices surged over 20% in March as interest rates also rose, according to S&P Case-Shiller - CNBC",0,"Home prices continued to increase their gains, despite slower sales and higher mortgage rates.",2022-05-31T13:00:05Z,https://www.cnbc.com/2022/05/31/home-prices-surged-in-march-as-interest-rates-also-rose-sp-case-shiller.html
43,Day 10 Live: Smiling Trevisan battles into semis - Roland-Garros - The 2022 Roland-Garros Tournament official site - Roland-Garros,2,Follow along as singles quarter-final action begins at Roland-Garros 2022,2022-05-31T12:33:39Z,https://www.rolandgarros.com/en-us/article/rg2022-day-10-live-fernandez-gauff-alcaraz-nadal-djokovic
72,Tanks to receive an 18 percent buff to threat in WoW Patch 9.2.5 - Dot Esports,0,Losing threat on enemies? The Blizzard devs are working on it.,2022-05-31T11:07:33Z,https://dotesports.com/wow/news/tanks-18-percent-buff-to-threat-wow-patch-9-2-5/
1,High Performance Reported for Polyoxometalate Li-S Batteries - AZoNano,2,New research discusses the development of modified Keggin and Dawson type Polyoxometalates (POMs) to improve the performance of  Li-S batteries.,2022-05-31T14:21:00Z,https://www.azonano.com/news.aspx?newsID=39208
67,Man United suffer summer rebuild blow with Barcelona midfielder Frenkie De Jong wanting to stay - Daily Mail,0,The Holland international midfielder starred under  ten Hag at Ajax between 2016 and 2019 and is said to be available for around £65million if Barca can replace the 25-year-old with a major name.,2022-05-31T11:41:59Z,https://www.dailymail.co.uk/sport/football/article-10871045/Man-United-suffer-summer-rebuild-blow-Barcelona-midfielder-Frenkie-Jong-wanting-stay.html
61,Sydney warned after sixth Legionella case - Camden Haven Courier,2,People who have been in central Sydney are being warned to watch out for symptoms of legionnaires' disease...,2022-05-31T11:56:02Z,https://www.camdencourier.com.au/story/7761246/sydney-warned-after-sixth-legionella-case/
64,"Fever That Can Bleed You To Death Sweeps This Country; Mortality Rate High, No Vaccines Yet | Mint - Mint",0,"Nosebleed fever virus (CCHF) is transmitted to people either by tick bites or through contact with infected animals. .Its symptoms include headache, high fever, back pain, joint pain etc",2022-05-31T11:45:08Z,https://www.livemint.com/news/world/fever-that-can-bleed-you-to-death-sweeps-this-country-mortality-rate-high-no-vaccines-yet-11653986755148.html
44,"TCL launches 98-inch beast for R99,999 - MyBroadband",0,"TCL has launched its 98-inch 4K TV, priced at R99,999, in South Africa.",2022-05-31T12:30:45Z,https://mybroadband.co.za/news/gadgets/446662-tcl-launches-98-inch-beast-for-r99999.html
47,Two pupils suspended after allegedly attacking referee at school rugby match - News24,0,"The two Hoërskool Daniëlskuil pupils, along with their parents, allegedly attacked a teacher acting as referee during the game at the Northern Cape school.",2022-05-31T12:25:54Z,https://www.news24.com/news24/southafrica/news/two-pupils-suspended-after-allegedly-attacking-referee-at-school-rugby-match-20220531
93,Tremors felt after 3-magnitude earthquake in south-east Queensland - 9News,0,<p>Over 500 people have reported feeling the earthquake in Queensland&#x27;s Moreton Bay region this afternoon.</p>,2022-05-31T10:32:37Z,https://www.9news.com.au/national/magnitude-3-earthquake-felt-in-southeast-queensland/dd618986-2248-471e-ba20-9a4047e79922
42,India vs South Korea Live Score Asia Cup Hockey: IND 3-3 KOR in third quarter - Hindustan Times,0,"India vs South Korea Live Score Asia Cup Hockey 2022: In the previous encounter, India bounced back from behind and eked out a 3-3 draw against Malaysia.",2022-05-31T12:34:13Z,https://www.hindustantimes.com/sports/hockey/india-vs-south-korea-live-score-asia-cup-hockey-2022-super-4-match-today-101653992808228.html
94,"Peter Navarro, Former Trump Aide, Gets Grand Jury Subpoena in Jan. 6 Inquiry - The New York Times",0,"The subpoena, the latest indication of an expanding inquiry by federal prosecutors, seeks Mr. Navarro’s testimony and any records he has related to the attack on the Capitol last year.",2022-05-31T10:30:00Z,https://www.nytimes.com/2022/05/30/us/politics/peter-navarro-jan-6-subpoena.html
88,"Tom Cruise didn't want to make 'Top Gun' sequel, had to be convinced - New York Post ",0,"“When I got there, I found that Tom really didn’t want to make another ‘Top Gun,'” director Joseph Kosinski revealed.",2022-05-31T10:43:00Z,https://nypost.com/2022/05/31/tom-cruise-didnt-want-to-make-top-gun-sequel/
12,"Music from ‘Abba party’ could be heard all over No 10, says Cummings - The Guardian",2,Boris Johnson’s former chief adviser accuses Sue Gray of not properly investigating gathering in the flat,2022-05-31T13:48:00Z,https://amp.theguardian.com/politics/2022/may/31/music-from-abba-party-could-be-heard-all-over-no-10-says-cummings
11,Kevin Spacey says he will 'voluntarily' appear in the UK to defend himself against sex assault charges - Sky News,2,,2022-05-31T13:52:30Z,https://news.sky.com/story/kevin-spacey-says-he-will-voluntarily-appear-in-the-uk-to-defend-himself-against-sex-assault-charges-12624732
14,"2022 NBA Finals: Three reasons why Celtics can beat Warriors, including Boston hunting Stephen Curry - CBS Sports",0,The Celtics will also look to exploit a size advantage with certain lineups,2022-05-31T13:45:00Z,https://www.cbssports.com/nba/news/2022-nba-finals-three-reasons-why-celtics-can-beat-warriors-including-boston-hunting-stephen-curry/
91,"No Tobacco Day: WHO advocates levies, says crop threat to environment - Punch Newspapers",0,"The World Health Organisation has called on African Governments to impose environmental tax levies on tobacco across the value and supply chains, including production, processing, distribution, sales, consumption, and waste management.",2022-05-31T10:36:54Z,https://punchng.com/no-tobacco-day-who-advocates-levies-says-crop-threat-to-environment/
55,Here's what people are saying about the meteor shower - Toronto Star,0,"Earth was set to pass through a cluster of debris from the SW3 comet just after 1 a.m., according to experts.",2022-05-31T12:02:49Z,https://www.thestar.com/news/gta/2022/05/31/a-meteor-shower-was-visible-from-ontario-last-night-heres-what-people-are-saying.html
71,"Canada's Trudeau announces bill to cap sales, transfers and imports of all handguns in the country - CNN",0,"Canadian Prime Minister Justin Trudeau on Monday announced the introduction of a bill that would place a national freeze on handgun ownership across Canada. The move would mean that Canadians will no longer be able to buy, sell, transfer or import handguns ""a…",2022-05-31T11:13:00Z,https://www.cnn.com/2022/05/30/americas/canada-handgun-sales-cap/index.html
35,Big Brother: Bruna Gomes faz apelo e fãs não têm dúvidas: “Justa vencedora…” - Hiper Fm,0,Bruna Gomes merece vencer o Big Brother - Desafio Final?,2022-05-31T12:52:48Z,https://www.hiper.fm/big-brother-bruna-gomes-faz-apelo-e-fas-nao-tem-duvidas-justa-vencedora/
62,Kevin Spacey To “Voluntarily” Appear In UK Court To Face Four Sexual Assault Charges - Deadline,0,"Kevin Spacey will “voluntarily” appear in a UK court on four counts of sexual assault, following questions over whether he would need to be extradited from the U.S. In the past hour, the American Beauty star has given a statement to Good Morning America in wh…",2022-05-31T11:51:00Z,https://deadline.com/2022/05/kevin-spacey-to-voluntarily-appear-in-uk-court-to-face-four-sexual-assault-charges-1235035711/
23,"What Tambuwal told Ayu, Saraki, Bala Mohammed before stepping down for Atiku - Premium Times",2,"Atiku, with the last-minute support for his candidature by Mr Tambuwal , Atiku overwhelmed Rivers State Governor, Nyesom Wike....",2022-05-31T13:22:20Z,https://www.premiumtimesng.com/news/headlines/533831-what-tambuwal-told-ayu-saraki-bala-mohammed-before-stepping-down-for-atiku.html
30,eFootball 2022 Update 1.2.0: Everything We Know So Far - GIVEMESPORT,0,eFootball 2022 will be releasing patch 1.2.0 in the near future and we have all the latest information around this upcoming update.,2022-05-31T13:03:51Z,https://www.givemesport.com/88015650-efootball-2022-update-1-2-0-everything-we-know-so-far
66,Punjabi singer Mankirt Aulakh demands security cover after Sidhu Moose Wala's murder - India Today,0,Punjabi singer Mankirt Aulakh has demanded security cover following the murder of singer Sidhu Moose Wala.,2022-05-31T11:42:13Z,https://www.indiatoday.in/india/story/punjabi-singer-mankirt-aulakh-security-cover-sidhu-moose-wala-death-1956537-2022-05-31
41,PRRD kept his promise to make OFW lives better: Bello - pna.gov.ph,0,"MANILA – As the Duterte administration will soon be bidding goodbye, the Department of Labor and Employment (DOLE) is certain that the government has kept its promise to overseas Filipino workers (OFWs) to provide them with a better life.DOLE Secretary Silves…",2022-05-31T12:35:00Z,https://www.pna.gov.ph/articles/1175605
34,A whistlestop tour of myopia management - Association of Optometrists,0,Professor Ed Mallen outlined the case for slowing myopia progression and the effectiveness of management options at 100% Optical,2022-05-31T12:52:50Z,https://www.aop.org.uk/ot/science-and-vision/research/2022/05/31/a-whistlestop-tour-of-myopia-management
75,The Ferrari of Internet connections in South Africa pricing compared - MyBroadband,0,MyBroadband compared the prices of 1 Gbps home fibre packages across four South African open-access networks.,2022-05-31T11:05:42Z,https://mybroadband.co.za/news/broadband/445800-the-ferrari-of-internet-connections-in-south-africa-pricing-compared.html
13,Ukrainian troops hold out as Russia assaults Sievierodonetsk wasteland - Reuters,0,"Ukrainian forces were holding out in Sievierodonetsk on Tuesday, resisting Russia's all-out assault to capture a bombed-out wasteland that Moscow has made the principal objective of its invasion in recent days.",2022-05-31T13:45:00Z,https://www.reuters.com/world/europe/russian-forces-face-stiff-resistance-ukraines-donbas-2022-05-31/
15,"Leaked photos of Uyghurs interned at Xinjiang detention centres 'devastating,' says activist - CBC.ca",0,Uyghurs living outside of China say a recently published trove of documents and photos from inside the country's secretive mass incarceration system in Xinjiang have left them feeling 'helpless.',2022-05-31T13:44:40Z,https://www.cbc.ca/radio/day6/the-onion-s-powerful-satire-on-shootings-amber-heard-s-trial-by-tiktok-stranger-things-is-back-and-more-1.6468079/leaked-photos-of-uyghurs-interned-at-xinjiang-detention-centres-devastating-says-activist-1.6468085
63,"Wordle Answer 347: June 1, 2022 Word Solution - Game Revolution",2,Did you hear that noise?,2022-05-31T11:45:26Z,https://www.gamerevolution.com/guides/707646-wordle-answer-347-june-1-2022-word-solution-creak-hint-answer
9,"Disease experts call on WHO, governments for more action on monkeypox - ZAWYA",2,"While monkeypox is not as transmissible or dangerous as COVID, the scientists say, there needs to be clearer guidance on how a person infected with monkeypox should isolate",2022-05-31T14:01:37Z,https://www.zawya.com/en/life/health/disease-experts-call-on-who-governments-for-more-action-on-monkeypox-qffu1dgu
79,Massive 23andMe survey reveals who may be at the highest risk for long COVID - SFGATE,0,Who is more likely to develop long COVID-19? A new study offers clues.,2022-05-31T11:04:01Z,https://www.sfgate.com/bayarea/article/Study-reveals-long-COVID-risks-17200501.php
58,"Jeff Gladney, Arizona Cardinals defensive back, dies in a car crash at age 25 - CBS News",0,"""We are devastated to learn of Jeff Gladney's passing,"" the Cardinals said in a statement. ""Our hearts go out to his family, friends and all who are mourning this tremendous loss.""",2022-05-31T12:01:00Z,https://www.cbsnews.com/news/jeff-gladney-dies-age-25-car-crash-nfl-arizona-cardinals/
60,Duterte gov't gives PH media 'safe environment': PTFoMS exec - pna.gov.ph,0,"MANILA &ndash; The Duterte administration has created a ""safe environment"" for Philippine journalists, Presidential Task Force on Media Security (PTFoMS) executive director Undersecretary Joel Sy Egco said on Tuesday.During the second day of the Duterte Legac…",2022-05-31T11:56:54Z,https://www.pna.gov.ph/articles/1175607
45,Sidhu Moose Wala: a rapper of fascinating contradictions who aimed to uplift Punjab - The Guardian,0,"Killed in a shooting this week, the 28-year-old Punjabi Sikh MC offset gangster bravado with a keen sociopolitical awareness",2022-05-31T12:27:00Z,https://amp.theguardian.com/music/2022/may/31/sidhu-moose-wala-a-rapper-of-fascinating-contradictions-who-aimed-to-uplift-punjab
7,"Govt guidelines on monkeypox stress on surveillance, rapid identification, isolation - Economic Times",2,"The guidelines proposed a surveillance strategy to rapidly identify cases and clusters of infections and the sources of infections as soon as possible in order to isolate cases to prevent further transmission, provide optimal clinical care, identify and manag…",2022-05-31T14:03:00Z,https://economictimes.indiatimes.com/news/india/govt-guidelines-on-monkeypox-stress-on-surveillance-rapid-identification-isolation/articleshow/91922223.cms
36,Vinosiny's family to take legal action against UUM - Malaysiakini,0,Their lawyer says they will claim damages.,2022-05-31T12:52:23Z,https://www.malaysiakini.com/news/623112
96,Stock Market LIVE Updates: Sensex and Nifty50 likely to open lower today ahead of GDP data — track SGX futures - CNBCTV18,0,"Stock Market LIVE Updates: Indian equity benchmarks BSE Sensex and NSE Nifty50 started Tuesday's session in the red, retreating from nearly one-month highs, as Dalal Street tracked a lacklustre trend across Asia following a holiday on Wall Street. Financial a…",2022-05-31T10:28:57Z,https://www.cnbctv18.com/market/stocks/stock-market-news-live-updates-sgx-nifty50-bse-sensex-sun-pharma-irctc-lic-gdp-data-covid-brent-crude-bitcoin-gold-rate-13666092.htm
37,"Online fraud: How EFCC, INTERPOL bursted three Nigerian scammers in ‘Operation Killer Bee’ - Nairametrics",0,The Economic and Financial Crimes Commission (EFCC) has announced the arrest of three suspected Nigerian scammers. They were arrested in,2022-05-31T12:46:29Z,https://nairametrics.com/2022/05/31/online-fraud-how-efcc-interpol-bursted-three-nigerian-scammers-in-operation-killer-bee/
51,"Webb telescope to explore two rocky, Earths-like planets - Gadgets Now",0,"Nasa's much celebrated James Webb Space Telescope is just weeks away from full operation.The huge telescope plans to start it's in-depth science investigation by exploring strange, new rocky worlds in unprecedented detail.According to Nasa, it will study two …",2022-05-31T12:21:00Z,https://www.gadgetsnow.com/tech-news/webb-telescope-to-explore-two-rocky-earths-like-planets/articleshow/91919105.cms
8,Johnny Depp-Amber Heard Case: When Is The Verdict Expected? - NDTV,0,Johnny Depp and Amber Heard have sued each other and are seeking millions in damages. The jury is currently deliberating.,2022-05-31T14:01:52Z,https://www.ndtv.com/world-news/johnny-depp-amber-heard-case-when-is-the-verdict-expected-3026490
33,Kim Kardashian sparks break up rumours with Pete Davidson - Geo News,0,"Kim Kardashian said, “Bad News-Nothing lasts forever, Good News- Nothing lasts forever.”",2022-05-31T13:00:00Z,https://www.geo.tv/latest/420059-kim-kardashian-sparks-break-up-rumours-with-pete-davidson
31,Sonos Ray soundbar review: the cheaper compact TV audio upgrade - The Guardian,0,"Smaller all-in-one wifi speaker packs the best of Sonos for powerful movies, music and multiroom audio – at a lower price",2022-05-31T13:01:00Z,https://amp.theguardian.com/technology/2022/may/31/sonos-ray-soundbar-review-the-cheaper-compact-tv-audio-upgrade
73,Singer Sidhu Moose Wala's Father's Moving Gesture After Cremation - NDTV,0,"The inconsolable parents of Punjabi singer Sidhu Moose Wala showed exemplary courage as thousands of people paid their last respects to the couple's only child, who was murdered on Sunday.",2022-05-31T11:06:51Z,https://www.ndtv.com/india-news/singer-sidhu-moose-walas-fathers-tragic-gesture-after-cremation-3025705
4,In Situ TEM Shows Why Polymer Nanocapsules Deform - AZoNano,2,The analysis of buckling and collapse of nanocapsules employs real-time Transmission Electron Microscopy (TEM) in a recent study.,2022-05-31T14:13:00Z,https://www.azonano.com/news.aspx?newsID=39207
59,Johnny Depp surprises fans at concert while jury deliberates in defamation trial - CBS News,0,Jurors started deliberations​ Friday in Depp's high-profile defamation lawsuit against ex-wife Amber Heard.,2022-05-31T11:58:00Z,https://www.cbsnews.com/news/johnny-depp-jeff-beck-concert-amber-heard-trial-jury-deliberations/
0,"Stocks Fall, Oil Prices Gain as EU Commits to Partial Russian Crude Ban - The Wall Street Journal",0,"Dow, S&P 500 open lower on the last day of a volatile trading month",2022-05-31T14:32:00Z,https://www.wsj.com/articles/global-stocks-markets-dow-update-05-31-2022-11653982716
86,The suburbs where unit prices are decreasing amid Brisbane's housing crisis - 9News,0,"<p>As housing prices reach record highs in south-east <a href=""http://9news.com.au/queensland"" title=""Queensland"" target="""" rel="""">Queensland</a>, new data shows units in some Brisbane suburbs are actually getting cheaper. </p>",2022-05-31T10:52:37Z,https://www.9news.com.au/national/queensland-the-suburbs-where-unit-prices-are-decreasing-amid-brisbanes-housing-crisis/d3806afc-db83-471b-a9f4-cad85dd934a4
48,Biden to meet Fed chair as inflation bites pocketbooks - The Associated Press,0,WASHINGTON (AP) — President Joe Biden is set to meet with Federal Reserve Chairman Jerome Powell as soaring inflation takes a bite out of Americans' pocketbooks. The meeting Tuesday will be the first since Biden renominated Powell to lead the central bank and…,2022-05-31T12:23:23Z,https://apnews.com/article/biden-jerome-powell-government-and-politics-economy-2b9295779a17e425d0d8da6f0f82176e
98,Avon and Somerset only police force meeting 999 call-answering targets - BBC,0,Avon and Somerset Police is meeting the target to answer 90% of 999 calls in less than 10 seconds.,2022-05-31T10:26:30Z,https://www.bbc.co.uk/news/uk-england-bristol-61645151
