,source,author,title,description,url,urlToImage,publishedAt,content
0,"{'id': 'the-wall-street-journal', 'name': 'The Wall Street Journal'}","Caitlin McCabe, Joe Wallace","Stocks Fall, Oil Prices Gain as EU Commits to Partial Russian Crude Ban - The Wall Street Journal","Dow, S&P 500 open lower on the last day of a volatile trading month",https://www.wsj.com/articles/global-stocks-markets-dow-update-05-31-2022-11653982716,https://images.wsj.net/im-554235/social,2022-05-31T14:32:00Z,"U.S. stocks fell on Tuesday, resuming their downward trajectory after last weeks rally, while a pledge among European Union leaders to curb oil purchases from Russia lifted crude prices.
The S&amp;P… [+304 chars]"
1,"{'id': None, 'name': 'AZoNano'}",,High Performance Reported for Polyoxometalate Li-S Batteries - AZoNano,New research discusses the development of modified Keggin and Dawson type Polyoxometalates (POMs) to improve the performance of  Li-S batteries.,https://www.azonano.com/news.aspx?newsID=39208,https://d1otjdv2bf0507.cloudfront.net/images/news/ImageForNews_39208_16540067410575149.jpg,2022-05-31T14:21:00Z,"An article recently published in the journal Materials Today Nano discusses the development of modified Keggin and Dawson type Polyoxometalates (POMs) to improve the performance of  Li-S batteries. … [+5955 chars]"
2,"{'id': None, 'name': 'Belfast Telegraph'}",Christopher Leebody,Monkeypox: What are the symptoms and what should you do if you have any? - Belfast Telegraph,The Public Health Agency (PHA) has issued a reminder to those who believe they may have contracted monkeypox to phone them before attending a healthcare centre.,https://www.belfasttelegraph.co.uk/news/health/monkeypox-what-are-the-symptoms-and-what-should-you-do-if-you-have-any-41706674.html,https://www.belfasttelegraph.co.uk/news/health/e3118/41706673.ece/AUTOCROP/w1240h700/HEALTH-MONKEYPOX%2082940261%2083083595,2022-05-31T14:21:00Z,"The Public Health Agency (PHA) has issued a reminder to those who believe they may have contracted monkeypox to phone them before attending a healthcare centre.
It comes as the latest figures from t… [+3772 chars]"
3,"{'id': None, 'name': 'CNBC'}",Sam Meredith,Strategic Donbas city split down the middle as fighting rages; EU to cut most Russian oil imports - CNBC,The European Union has agreed on a plan to block more than two-thirds of Russian oil imports as part of new punitive measures against the Kremlin.,https://www.cnbc.com/2022/05/31/russia-ukraine-live-updates.html,https://image.cnbcfm.com/api/v1/image/107068849-1653976213879-gettyimages-1241003635-AFP_32BK88T.jpeg?v=1653976749&w=1920&h=1080,2022-05-31T14:16:00Z,"Ukraine applauded European Union leaders for striking an agreement on a new package of sanctions against Russia that includes an embargo on most Russian oil imports.
The EU's plan to ban 90% of Russ… [+1000 chars]"
4,"{'id': None, 'name': 'AZoNano'}",,In Situ TEM Shows Why Polymer Nanocapsules Deform - AZoNano,The analysis of buckling and collapse of nanocapsules employs real-time Transmission Electron Microscopy (TEM) in a recent study.,https://www.azonano.com/news.aspx?newsID=39207,https://d1otjdv2bf0507.cloudfront.net/images/news/ImageForNews_39207_16540061434653217.jpg,2022-05-31T14:13:00Z,Nanocapsules are widely utilized in various industries such as drug delivery systems. The recent study published in Langmuir focuses on the analysis of buckling and collapse of nanocapsules employing… [+5641 chars]
5,"{'id': None, 'name': 'Sky.com'}",Sky,Queen pictured at Aberdeen airport as she returns to London ahead of Platinum Jubilee celebrations - Sky News,,https://news.sky.com/story/queen-pictured-at-aberdeen-airport-as-she-returns-to-london-ahead-of-platinum-jubilee-celebrations-12624808,https://e3.365dm.com/22/05/1600x900/skynews-jubilee-queen-fee-250_5789737.jpg?20220531144705,2022-05-31T14:08:15Z,"The Queen has begun her journey back to London ahead of her Platinum Jubilee celebrations this week.
The 96-year-old monarch was photographed arriving at Aberdeen airport.
She has been staying at B… [+2857 chars]"
6,"{'id': None, 'name': 'Science Daily'}",,"New artificial enzyme breaks down tough, woody lignin: Study shows promise for developing a new renewable energy source - Science Daily","An innovative artificial enzyme has shown it can chew through woody lignin, an abundant carbon-based substance that stores tremendous potential for renewable energy and materials.",https://www.sciencedaily.com/releases/2022/05/220531091530.htm,https://www.sciencedaily.com/images/scidaily-icon.png,2022-05-31T14:05:40Z,"A new artificial enzyme has shown it can chew through lignin, the tough polymer that helps woody plants hold their shape. Lignin also stores tremendous potential for renewable energy and materials.Re… [+5659 chars]"
7,"{'id': 'the-times-of-india', 'name': 'The Times of India'}",PTI,"Govt guidelines on monkeypox stress on surveillance, rapid identification, isolation - Economic Times","The guidelines proposed a surveillance strategy to rapidly identify cases and clusters of infections and the sources of infections as soon as possible in order to isolate cases to prevent further transmission, provide optimal clinical care, identify and manag…",https://economictimes.indiatimes.com/news/india/govt-guidelines-on-monkeypox-stress-on-surveillance-rapid-identification-isolation/articleshow/91922223.cms,"https://img.etimg.com/thumb/msid-91922223,width-1070,height-580,imgsize-50710,overlay-economictimes/photo.jpg",2022-05-31T14:03:00Z,"Amid increasing cases of monkeypox being reported in non-endemic countries, the government on Tuesday issued guidelines directing district surveillance units to consider even one such case as an outb… [+2863 chars]"
8,"{'id': None, 'name': 'NDTV News'}",,Johnny Depp-Amber Heard Case: When Is The Verdict Expected? - NDTV,Johnny Depp and Amber Heard have sued each other and are seeking millions in damages. The jury is currently deliberating.,https://www.ndtv.com/world-news/johnny-depp-amber-heard-case-when-is-the-verdict-expected-3026490,https://c.ndtvimg.com/2022-04/d5p67l3_johnny-depp-vs-amber-heard_625x300_30_April_22.jpg,2022-05-31T14:01:52Z,"The Johnny Depp-Amber Heard trial began on April 11 and arguments continued for 6 weeks.
The Johnny Depp-Amber Heard court battle is in its final stages, with the jury deliberating in Fairfax, Virgi… [+1598 chars]"
9,"{'id': None, 'name': 'Zawya.com'}",Jennifer Rigby,"Disease experts call on WHO, governments for more action on monkeypox - ZAWYA","While monkeypox is not as transmissible or dangerous as COVID, the scientists say, there needs to be clearer guidance on how a person infected with monkeypox should isolate",https://www.zawya.com/en/life/health/disease-experts-call-on-who-governments-for-more-action-on-monkeypox-qffu1dgu,https://static.zawya.com/version/c:YmU0Yzk3ZDctMzMyNC00:YzgzOTU4/health-monkeypox-germany-vaccine.JPG,2022-05-31T14:01:37Z,"GENEVA - Some prominent infectious disease experts are pushing for faster action from global health authorities to contain a growing monkeypox outbreak that has spread to at least 20 countries.
They… [+4271 chars]"
10,"{'id': None, 'name': 'Tbdhu.com'}",,COVID-19 Outbreak Declared at Pioneer Ridge - Plaza 1 - Thunder Bay District Health Unit,"Thunder Bay District Health Unit provides public health information for residents of the Thunder Bay District in Northwestern Ontario. We investigate reportable diseases, animal bites, and other public health complaints.",http://www.tbdhu.com/,,2022-05-31T13:59:21Z,
11,"{'id': None, 'name': 'Sky.com'}",Sky,Kevin Spacey says he will 'voluntarily' appear in the UK to defend himself against sex assault charges - Sky News,,https://news.sky.com/story/kevin-spacey-says-he-will-voluntarily-appear-in-the-uk-to-defend-himself-against-sex-assault-charges-12624732,https://e3.365dm.com/22/05/1600x900/skynews-kevin-spacey-uk-charges_5789660.jpg?20220531134920,2022-05-31T13:52:30Z,"Kevin Spacey has said he will ""voluntarily"" appear in the UK to defend himself against charges of sexual assault.
The actor, 62, is to be charged with four counts of sexual assault against three men… [+1649 chars]"
12,"{'id': None, 'name': 'The Guardian'}",Aubrey Allegretti,"Music from ‘Abba party’ could be heard all over No 10, says Cummings - The Guardian",Boris Johnson’s former chief adviser accuses Sue Gray of not properly investigating gathering in the flat,https://amp.theguardian.com/politics/2022/may/31/music-from-abba-party-could-be-heard-all-over-no-10-says-cummings,,2022-05-31T13:48:00Z,"Dominic CummingsBoris Johnsons former chief adviser accuses Sue Gray of not properly investigating gathering in the flat
Dominic Cummings has accused Sue Gray of not properly investigating the alleg… [+3922 chars]"
13,"{'id': 'reuters', 'name': 'Reuters'}",,Ukrainian troops hold out as Russia assaults Sievierodonetsk wasteland - Reuters,"Ukrainian forces were holding out in Sievierodonetsk on Tuesday, resisting Russia's all-out assault to capture a bombed-out wasteland that Moscow has made the principal objective of its invasion in recent days.",https://www.reuters.com/world/europe/russian-forces-face-stiff-resistance-ukraines-donbas-2022-05-31/,https://www.reuters.com/resizer/35vn4VZcmldWvek8qAAPrc7AosU=/1200x628/smart/filters:quality(80)/cloudfront-us-east-2.images.arcpublishing.com/reuters/MWV4JIM6WJMIRDO3MVWHKLKVXU.jpg,2022-05-31T13:45:00Z,"KYIV, May 31 (Reuters) - Ukrainian forces were holding out in Sievierodonetsk on Tuesday, resisting Russia's all-out assault to capture a bombed-out wasteland that Moscow has made the principal objec… [+6461 chars]"
14,"{'id': None, 'name': 'CBS Sports'}",,"2022 NBA Finals: Three reasons why Celtics can beat Warriors, including Boston hunting Stephen Curry - CBS Sports",The Celtics will also look to exploit a size advantage with certain lineups,https://www.cbssports.com/nba/news/2022-nba-finals-three-reasons-why-celtics-can-beat-warriors-including-boston-hunting-stephen-curry/,https://sportshub.cbsistatic.com/i/r/2022/05/30/1f4bfeba-67a8-479c-b952-dac74674f39a/thumbnail/1200x675/3b7b454d719df9500bd54151d3ba02c2/celtics-warriors-getty.png,2022-05-31T13:45:00Z,"With the Boston Celtics' Game 7 victory over the Miami Heat on Sunday, the 2022 NBA Finals matchup is set. The Celtics, the East's No. 2 seed, with face the Golden State Warriors, the West's No. 3 se… [+5637 chars]"
15,"{'id': 'cbc-news', 'name': 'CBC News'}",,"Leaked photos of Uyghurs interned at Xinjiang detention centres 'devastating,' says activist - CBC.ca",Uyghurs living outside of China say a recently published trove of documents and photos from inside the country's secretive mass incarceration system in Xinjiang have left them feeling 'helpless.',https://www.cbc.ca/radio/day6/the-onion-s-powerful-satire-on-shootings-amber-heard-s-trial-by-tiktok-stranger-things-is-back-and-more-1.6468079/leaked-photos-of-uyghurs-interned-at-xinjiang-detention-centres-devastating-says-activist-1.6468085,https://i.cbc.ca/1.6469752.1653760325!/fileImage/httpImage/image.jpg_gen/derivatives/16x9_620/xinjiang-police-files-2.jpg,2022-05-31T13:44:40Z,"WARNING: This story contains distressing details.
Photos recently published online showing thousands of Uyghurs detained as part of China's secretive mass detention system in Xinjiang region have te… [+6177 chars]"
16,"{'id': None, 'name': 'Geek Culture'}",Si Jia,First Impressions And Hands-On: Fujifilm X-H2S - Geek Culture,"The Fujifilm X-H2S is on the road to reign supreme as king of APS-C cameras, carrying a slate of handy features in tow.",https://geekculture.co/first-impressions-fujifilm-x-h2s-king-of-aps-c-cameras/,https://geekculture.co/wp-content/uploads/2022/05/first-impressions-fujifilm-x-h2s.jpg,2022-05-31T13:44:29Z,"Impressions by Bobby Tonelli.
Fujifilm is more than well-established in the realm of APS-C and medium format, and it’s not going to stop pulling out the big guns anytime soon. Enter the X-H2S, the n… [+2005 chars]"
17,"{'id': None, 'name': 'CBS Sports'}",,"How Celtics grew into NBA's most resilient team, going from 'lowest moment' in January to Finals in June - CBS Sports","The Celtics are 6-0 following a loss in the playoffs, and are 3-0 in elimination games",https://www.cbssports.com/nba/news/how-celtics-grew-into-nbas-most-resilient-team-going-from-lowest-moment-in-january-to-finals-in-june/,https://sportshub.cbsistatic.com/i/r/2022/05/30/53d4b14f-ecdd-4b71-8b5a-be7b1877ea43/thumbnail/1200x675/6a6078318ed6c0fecac97b588627013b/celtics-getty-2.png,2022-05-31T13:43:00Z,"On Jan. 6, the Boston Celtics blew a 25-point lead to the New York Knicks, and lost in heartbreaking fashion when RJ Barrett banked in a 3-pointer at the buzzer. That was the Celtics' fifth loss in s… [+4958 chars]"
18,"{'id': None, 'name': 'News-Medical.Net'}",,New digital tool provides effective support for the treatment of pediatric obesity - News-Medical.Net,A mobile app that shows a child's weight development in real-time for children with obesity provides greater weight loss compared to conventional care.,https://www.news-medical.net/news/20220531/New-digital-tool-provides-effective-support-for-the-treatment-of-pediatric-obesity.aspx,https://d2jx2rerrg6sh3.cloudfront.net/image-handler/picture/2016/3/Children_playing_sunset_-_Zurijeta_8c5bdac77e44431bb1bfec67b9c87208-620x480.jpg,2022-05-31T13:36:00Z,A mobile app that shows a child's weight development in real-time for children with obesity provides greater weight loss compared to conventional care. The fact that both families and healthcare prof… [+4319 chars]
19,"{'id': None, 'name': 'The Guardian'}",Peter Beaumont,"Stay in cellars, civilians told as half of Sievierodonetsk falls to Russia - The Guardian","Mayor says 13,000 people remain in Ukrainian city as Russian forces advance ‘block by block’",https://amp.theguardian.com/world/2022/may/31/russian-forces-sievierodonetsk-ukraine-fighting-city,https://i.guim.co.uk/img/media/b9f9b344aa784ce9bcbc634d6b7385690bb7415c/0_374_5616_3370/master/5616.jpg?width=1200&height=630&quality=85&auto=format&fit=crop&overlay-align=bottom%2Cleft&overlay-width=100p&overlay-base64=L2ltZy9zdGF0aWMvb3ZlcmxheXMvdGctZGVmYXVsdC5wbmc&enable=upscale&s=bd45b29195426a02218fbb2a67935988,2022-05-31T13:35:00Z,"Russian forces have taken about half of Sievierodonetsk in eastern Ukraine, its mayor has said, as heavy fighting continued in and around the key city and civilians were told to stay underground.
Ol… [+4434 chars]"
20,"{'id': None, 'name': 'SportsLine'}",,"2022 French Open men's quarterfinal props, picks: Uncanny tennis expert reveals selections for Tuesday's Djokovic vs. Nadal matchup - SportsLine.com - SportsLine",Two of the greatest men's tennis players of all-time -- Rafael Nadal and Novak Djokovic -- collide in a blockbuster quarterfinal match on Tuesday...,https://www.sportsline.com/insiders/2022-french-open-mens-quarterfinal-props-picks-uncanny-tennis-expert-reveals-selections-for-tuesdays-djokovic-vs-nadal-matchup/,https://splnhub.cbsistatic.com/i/2019/06/08/ea9b2926-27b2-4d5d-b92a-c554dc040b5e/nadalprism-1.jpg,2022-05-31T13:31:00Z,Two of the greatest men's tennis players of all-time -- Rafael Nadal and Novak Djokovic -- collide in a blockbuster quarterfinal match on Tuesday at the 2022 French Open at Roland Garros in Paris. Na… [+1377 chars]
21,"{'id': None, 'name': 'The Punch'}",Abiodun Sanusi,"Okorocha yet to meet bail conditions, may miss presidential screening - Punch Newspapers","Okorocha yet to meet bail conditions, may miss presidential screening",https://punchng.com/okorocha-yet-to-meet-bail-conditions-may-miss-presidential-screening/,https://cdn.punchng.com/wp-content/uploads/2022/05/31044157/Okorocha-in-court.jpg,2022-05-31T13:30:52Z,"The Economic and Financial Crimes Commission has said that the embattled former Imo State Governor, Rochas Okorocha, is still under the custody of the agency.
The agency said the senator will be rel… [+1771 chars]"
22,"{'id': 'google-news', 'name': 'Google News'}",,Dólar abre con una caída de 103 pesos tras resultados electorales - El Tiempo,Use the Rich Result Test to see what Google results can be generated for your pages and the schema markup validator for generic schema validation.,https://developers.google.com/search/docs/advanced/structured-data,https://developers.google.com/search/images/home-social-share-lockup.png,2022-05-31T13:29:17Z,The official Google tool for testing your structured data to see which Google rich results can be generated by the structured data on your page. You can also preview how rich results can look in Goog… [+9 chars]
23,"{'id': None, 'name': 'Premium Times'}",Bisi Abidoye,"What Tambuwal told Ayu, Saraki, Bala Mohammed before stepping down for Atiku - Premium Times","Atiku, with the last-minute support for his candidature by Mr Tambuwal , Atiku overwhelmed Rivers State Governor, Nyesom Wike....",https://www.premiumtimesng.com/news/headlines/533831-what-tambuwal-told-ayu-saraki-bala-mohammed-before-stepping-down-for-atiku.html,https://media.premiumtimesng.com/wp-content/files/2022/04/Capture-3.jpg,2022-05-31T13:22:20Z,"On Sunday, the National Chairman of the Peoples Democratic Party (PDP), Iyorchia Ayu, described the Governor of Sokoto State, Aminu Tambuwal, as the hero of the partys presidential convention where o… [+4800 chars]"
24,"{'id': None, 'name': 'Daily Post Nigeria'}",Williams Anuku,"APC Primary: Our flagbearer must elicit victory, confidence before presidential election – Buhari - Daily Post Nigeria",President Muhammadu Buhari has told governors and stakeholders of the ruling All Progressives Congress (APC) that the forthcoming primary election slated for June 6 to 8 must produce a candidate that would give the Nigerian masses a sense of victory and confi…,https://dailypost.ng/2022/05/31/apc-primary-our-flagbearer-must-elicit-victory-confidence-before-presidential-election-buhari/,https://dailypost.ng/wp-content/uploads/2022/01/Buhari.jpeg,2022-05-31T13:18:54Z,President Muhammadu Buhari has told governors and stakeholders of the ruling All Progressives Congress (APC) that the forthcoming primary election slated for June 6 to 8 must produce a candidate that… [+3156 chars]
25,"{'id': None, 'name': 'The Indian Express'}",Liz Mathew,"In Rajya Sabha list, BJP sticks to OBC-Dalit winning formula - The Indian Express","Mukhtar Abbas Naqvi, who was not renominated, may get a key post or will be fielded in UP LS by-poll, say party insiders.",https://indianexpress.com/article/india/political-pulse/in-rajya-sabha-list-bjp-sticks-to-obc-dalit-winning-formula-7945833/,https://images.indianexpress.com/2022/05/Rajya-sabha.jpg,2022-05-31T13:16:04Z,"At a time when political parties, including its allies, are escalating demands for a caste census, the BJP has chosen its formula of political empowerment of the Other Backward Classes (OBCs) and Dal… [+4217 chars]"
26,"{'id': 'engadget', 'name': 'Engadget'}",https://www.engadget.com/about/editors/jon-fingas,Watch NASA's Mars helicopter complete a record-setting flight - Engadget,NASA's Mars helicopter has shared video of its record 25th flight..,https://www.engadget.com/nasa-mars-helicopter-ingenuity-flight-video-131524301.html,https://s.yimg.com/os/creatr-uploaded-images/2022-05/b2266e20-e0dd-11ec-bbfb-32c2592c2198,2022-05-31T13:15:57Z,"NASA's Ingenuity helicopter is still pushing boundaries long after its first Mars liftoff. As CNETnotes, the space agency has shared video of Ingenuity's milestone 25th flight on April 8th, when it b… [+1018 chars]"
27,"{'id': None, 'name': 'YouTube'}",,iQOO Neo 6 Unboxing & First Look: Fastest phone under Rs 30000? - The Financial Express,"iQOO’s first ""Neo"" series phone, the iQOO Neo 6, is here. The new phone boasts of a fast 120Hz AMOLED display, Qualcomm’s Snapdragon 870 chip, 64MP triple re...",https://www.youtube.com/watch?v=OznNXqHjHdk,https://i.ytimg.com/vi/OznNXqHjHdk/maxresdefault.jpg,2022-05-31T13:13:46Z,
28,"{'id': None, 'name': 'Phys.Org'}",Science X staff,Functional nonlinear optical nanoparticles synthesized by laser ablation - Phys.org,"Nonlinear optics is an important research direction with various applications in laser manufacturing, nanostructures' fabrication, sensor design, optoelectronics, biophotonics, and quantum optics, etc. Nonlinear optical materials are the fundamental building …",https://phys.org/news/2022-05-functional-nonlinear-optical-nanoparticles-laser.html,https://scx2.b-cdn.net/gfx/news/2022/functional-nonlinear-o.jpg,2022-05-31T13:09:06Z,"Nonlinear optics is an important research direction with various applications in laser manufacturing, nanostructures' fabrication, sensor design, optoelectronics, biophotonics, and quantum optics, et… [+5407 chars]"
29,"{'id': 'news24', 'name': 'News24'}",Fin24 team,Treasury extends general fuel levy cut - News24,"Treasury has decided to grant an extension of the reduction in the general fuel levy, which will soften the fuel price hike on Wednesday.",https://www.news24.com/fin24/economy/giant-fuel-price-hike-avoided-as-government-steps-in-20220531,https://cdn.24.co.za/files/Cms/General/d/4142/b21d6b3292a943f59f1b018f93caa438.jpg,2022-05-31T13:05:46Z,"Treasury has decided to grant an extension of the reduction in the general fuel levy, which will soften the fuel price hike on Wednesday.The petrol levy was cut by R1.50 a litre for April and May as … [+2622 chars]"
30,"{'id': None, 'name': 'GIVEMESPORT'}",Luke Weaser-Seychell,eFootball 2022 Update 1.2.0: Everything We Know So Far - GIVEMESPORT,eFootball 2022 will be releasing patch 1.2.0 in the near future and we have all the latest information around this upcoming update.,https://www.givemesport.com/88015650-efootball-2022-update-1-2-0-everything-we-know-so-far,https://cdn.givemesport.com/wp-content/uploads/2022/01/21_11_05_848e5fb825fe6578da358d11f71d4343_1216-1.jpg,2022-05-31T13:03:51Z,"eFootball 2022 will be releasing patch 1.2.0 shortly and we have all the latest information around this upcoming update.
The game, made by Konami, is a successor of the very popular football gaming … [+2173 chars]"
31,"{'id': None, 'name': 'The Guardian'}",Samuel Gibbs,Sonos Ray soundbar review: the cheaper compact TV audio upgrade - The Guardian,"Smaller all-in-one wifi speaker packs the best of Sonos for powerful movies, music and multiroom audio – at a lower price",https://amp.theguardian.com/technology/2022/may/31/sonos-ray-soundbar-review-the-cheaper-compact-tv-audio-upgrade,,2022-05-31T13:01:00Z,"GadgetsSmaller all-in-one wifi speaker packs the best of Sonos for powerful movies, music and multiroom audio at a lower price
Tue 31 May 2022 09.00 EDT
Sonoss latest compact soundbar, the Ray, has… [+7859 chars]"
32,"{'id': None, 'name': 'CNBC'}",Diana Olick,"Home prices surged over 20% in March as interest rates also rose, according to S&P Case-Shiller - CNBC","Home prices continued to increase their gains, despite slower sales and higher mortgage rates.",https://www.cnbc.com/2022/05/31/home-prices-surged-in-march-as-interest-rates-also-rose-sp-case-shiller.html,https://image.cnbcfm.com/api/v1/image/107052250-Unknown-4.jpg?v=1651063935&w=1920&h=1080,2022-05-31T13:00:05Z,"Rising mortgage rates did not slow down rising home prices in March.
Nationally, home prices were 20.6% higher than they were in March 2021, according to the S&amp;P CoreLogic Case-Shiller Home Pric… [+2188 chars]"
33,"{'id': None, 'name': 'Www.geo.tv'}",Web Desk,Kim Kardashian sparks break up rumours with Pete Davidson - Geo News,"Kim Kardashian said, “Bad News-Nothing lasts forever, Good News- Nothing lasts forever.”",https://www.geo.tv/latest/420059-kim-kardashian-sparks-break-up-rumours-with-pete-davidson,https://www.geo.tv/assets/uploads/updates/2022-05-31/420059_060403_updates.jpg,2022-05-31T13:00:00Z,"US reality TV star Kim Kardashian has sparked rumours of her break up with new boyfriend Pete Davidson shortly after they arrived in London.
The Keeping Up With The Kardashians star took to Instagra… [+434 chars]"
34,"{'id': None, 'name': 'Aop.org.uk'}",Selina Powell,A whistlestop tour of myopia management - Association of Optometrists,Professor Ed Mallen outlined the case for slowing myopia progression and the effectiveness of management options at 100% Optical,https://www.aop.org.uk/ot/science-and-vision/research/2022/05/31/a-whistlestop-tour-of-myopia-management,https://www.aop.org.uk/-/media/ot/content-images-post-image-optimisation/2022/science-and-vision/research/childpinkglasses.jpg?rev=3d38f8ca8a3445219781bf8bf7fa8962,2022-05-31T12:52:50Z,"Professor Ed Mallen shared the latest insight on myopia during his presentation Myopia – pathways to therapy at 100% Optical (London ExCel, 23-25 April).
The University of Bradford academic told att… [+2745 chars]"
35,"{'id': None, 'name': 'Hiper.fm'}",Miguel Catarino,Big Brother: Bruna Gomes faz apelo e fãs não têm dúvidas: “Justa vencedora…” - Hiper Fm,Bruna Gomes merece vencer o Big Brother - Desafio Final?,https://www.hiper.fm/big-brother-bruna-gomes-faz-apelo-e-fas-nao-tem-duvidas-justa-vencedora/,https://www.hiper.fm/wp-content/uploads/2022/05/Bruna-Gomes-11-1000x600.jpg,2022-05-31T12:52:48Z,"Bruna Gomes é uma das quatro finalistas desta edição do Big Brother – Desafio Final que chega ao fim no próximo domingo, dia 5 de junho. Com o intuito de apelar ao voto, a influenciadora fez um vídeo… [+761 chars]"
36,"{'id': None, 'name': 'Malaysiakini'}",Ng Xiang Yi,Vinosiny's family to take legal action against UUM - Malaysiakini,Their lawyer says they will claim damages.,https://www.malaysiakini.com/news/623112,https://i.newscdn.net/publisher-c1a3f893382d2b2f8a9aa22a654d9c97/2022/05/9d2fce099d30f492b937f33ea7416c24.jpg,2022-05-31T12:52:23Z,"The family of the late S Vinosiny is taking legal action against Universiti Utara Malaysia (UUM) for negligence which resulted in the death of the 20-year-old accounting student, said the familys law… [+130 chars]"
37,"{'id': None, 'name': 'Nairametrics'}",Justina Mboho,"Online fraud: How EFCC, INTERPOL bursted three Nigerian scammers in ‘Operation Killer Bee’ - Nairametrics",The Economic and Financial Crimes Commission (EFCC) has announced the arrest of three suspected Nigerian scammers. They were arrested in,https://nairametrics.com/2022/05/31/online-fraud-how-efcc-interpol-bursted-three-nigerian-scammers-in-operation-killer-bee/,https://nairametrics.com/wp-content/uploads/2022/05/EFCC-23.png,2022-05-31T12:46:29Z,"The Economic and Financial Crimes Commission (EFCC) has announced the arrest of three suspected Nigerian scammers.
They were arrested in an INTERPOL-led sting operation targeting malware cyber fraud… [+2984 chars]"
38,"{'id': 'cnn', 'name': 'CNN'}",Travis Caldwell,'She was going to be someone.' Families and friends remember the victims of the Uvalde school massacre as the first funerals are held - CNN,Ten-year-old Maite Rodriguez wanted to be a marine biologist before she could say the words.,https://www.cnn.com/2022/05/31/us/uvalde-texas-elementary-school-shooting-tuesday/index.html,"https://media.cnn.com/api/v1/images/stellar/prod/220530235724-uvalde-texas-elementary-school-shooting-tuesday.jpg?c=16x9&q=w_800,c_fill",2022-05-31T12:46:00Z,"Ten-year-old Maite Rodriguez wanted to be a marine biologist before she could say the words.
She loved animals, cousin Destiny Esquivel told CNNs Adrienne Broaddus on Monday. She was determined. She… [+6893 chars]"
39,"{'id': None, 'name': 'Sporting News'}",,12試合15ゴールのベンゼマがCL最優秀選手に選出 - Goal.com,"Get the latest soccer news, rumors, video highlights, scores, schedules, standings, photos, player information and more from Sporting News Canada",https://www.sportingnews.com/ca/soccer,https://static.sportingnews.com/1.10.0.12/themes/custom/tsn/logo.jpg,2022-05-31T12:38:30Z,
40,"{'id': 'cnn', 'name': 'CNN'}","Joan Biskupic, CNN legal analyst & Supreme Court biographer",Exclusive: Supreme Court leak investigation heats up as clerks are asked for phone records in unprecedented move - CNN,"Supreme Court officials are escalating their search for the source of the leaked draft opinion that would overturn Roe v. Wade, taking steps to require law clerks to provide cell phone records and sign affidavits, three sources with knowledge of the efforts h…",https://www.cnn.com/2022/05/31/politics/supreme-court-roe-v-wade-leak-phone-records/index.html,https://cdn.cnn.com/cnnnext/dam/assets/220527153511-abortion-rights-protest-file-051422-super-tease.jpg,2022-05-31T12:37:00Z,
41,"{'id': None, 'name': 'Pna.gov.ph'}",Ferdinand Patinio,PRRD kept his promise to make OFW lives better: Bello - pna.gov.ph,"MANILA – As the Duterte administration will soon be bidding goodbye, the Department of Labor and Employment (DOLE) is certain that the government has kept its promise to overseas Filipino workers (OFWs) to provide them with a better life.DOLE Secretary Silves…",https://www.pna.gov.ph/articles/1175605,https://files01.pna.gov.ph/ograph/2022/05/31/20220531113249049a3198.jpg,2022-05-31T12:35:00Z,"(PNA photo by Avito C. Dalan) 
MANILA – As the Duterte administration will soon be bidding goodbye, the Department of Labor and Employment (DOLE) is certain that the government has kept its promise … [+6296 chars]"
42,"{'id': None, 'name': 'Hindustan Times'}",HT Sports Desk,India vs South Korea Live Score Asia Cup Hockey: IND 3-3 KOR in third quarter - Hindustan Times,"India vs South Korea Live Score Asia Cup Hockey 2022: In the previous encounter, India bounced back from behind and eked out a 3-3 draw against Malaysia.",https://www.hindustantimes.com/sports/hockey/india-vs-south-korea-live-score-asia-cup-hockey-2022-super-4-match-today-101653992808228.html,https://images.hindustantimes.com/img/2022/05/31/1600x900/Hockey_1653802831290_1653993601303.jpg,2022-05-31T12:34:13Z,"Penalty corner for Korea but India ask for a video referral, which goes into their favour. 
Meanwhile, a brilliant counter attacking opportunity as Korea lose the ball right at the centre, which is … [+208 chars]"
43,"{'id': None, 'name': 'Rolandgarros.com'}",Reem Abulleil,Day 10 Live: Smiling Trevisan battles into semis - Roland-Garros - The 2022 Roland-Garros Tournament official site - Roland-Garros,Follow along as singles quarter-final action begins at Roland-Garros 2022,https://www.rolandgarros.com/en-us/article/rg2022-day-10-live-fernandez-gauff-alcaraz-nadal-djokovic,"https://images.prismic.io/fft-rg-commun-news/5496ed3f-6741-4fce-8a14-e91f0ac07d5e_Coco+Gauff+-+Quart+de+finale+Roland-Garros+2022+-+Nicolas+Gouhier+FFT.jpg?auto=compress,format",2022-05-31T12:33:39Z,"Smiling Trevisan battles past Fernandez
Earlier on centre court, Trevisan became the first Italian woman to reach the Roland-Garros semi-finals since Sara Errani in 2013 thanks to an impressive 6-2,… [+642 chars]"
44,"{'id': None, 'name': 'MyBroadband'}",https://www.facebook.com/mybroadband,"TCL launches 98-inch beast for R99,999 - MyBroadband","TCL has launched its 98-inch 4K TV, priced at R99,999, in South Africa.",https://mybroadband.co.za/news/gadgets/446662-tcl-launches-98-inch-beast-for-r99999.html,https://mybroadband.co.za/news/wp-content/uploads/2022/05/TCl-98-inch-TV.jpg,2022-05-31T12:30:45Z,"TCL South Africa has released its latest product in the country the Google-enabled C735 model which boasts a screen size of 98 inches and a 4K resolution.
The TV features a QLED panel with a maximum… [+1211 chars]"
45,"{'id': None, 'name': 'The Guardian'}",Guardian staff reporter,Sidhu Moose Wala: a rapper of fascinating contradictions who aimed to uplift Punjab - The Guardian,"Killed in a shooting this week, the 28-year-old Punjabi Sikh MC offset gangster bravado with a keen sociopolitical awareness",https://amp.theguardian.com/music/2022/may/31/sidhu-moose-wala-a-rapper-of-fascinating-contradictions-who-aimed-to-uplift-punjab,https://i.guim.co.uk/img/media/4a824f2f9251a7a5349d311f76c00697ad91a04c/0_0_3900_2341/master/3900.jpg?width=1200&height=630&quality=85&auto=format&fit=crop&overlay-align=bottom%2Cleft&overlay-width=100p&overlay-base64=L2ltZy9zdGF0aWMvb3ZlcmxheXMvdGctb3BpbmlvbnMucG5n&enable=upscale&s=af64574321a3c26a905a580c1ab6f158,2022-05-31T12:27:00Z,"Five years ago, Sidhu Moose Wala announced his arrival with So High. Using flutes and a faint tumbi, producer Byg Byrd roots the track in hip-hop but makes it evocative of Punjabi bhangra; on the hoo… [+5231 chars]"
46,"{'id': None, 'name': 'The Indian Express'}",Aanchal Magazine,"India Q4 GDP data: India's GDP grows at 8.7% in FY22, Q4 GDP rises 4.1% - The Indian Express","India Q4 2022 GDP Data Today, GDP Data: India’s GDP grew at 8.7 per cent in the financial year 2021-22, while the GDP for the January-March quarter (Q4 FY22) rose 4.1 per cent, data released by the National Statistical Office (NSO) showed.",https://indianexpress.com/article/business/economy/india-q4-gdp-provisional-estimates-2021-22-fy22-gross-domestic-product-data-7945742/,https://images.indianexpress.com/2022/04/car-manufacturing-unit-1.jpg,2022-05-31T12:26:51Z,"Indias GDP grew at 4.1 per cent in the January-March quarter, a four-quarter low, down from 5.4 per cent growth seen in October-December quarter and 2.5 per cent growth in the corresponding period a … [+1606 chars]"
47,"{'id': 'news24', 'name': 'News24'}",Nicole McCain,Two pupils suspended after allegedly attacking referee at school rugby match - News24,"The two Hoërskool Daniëlskuil pupils, along with their parents, allegedly attacked a teacher acting as referee during the game at the Northern Cape school.",https://www.news24.com/news24/southafrica/news/two-pupils-suspended-after-allegedly-attacking-referee-at-school-rugby-match-20220531,https://cdn.24.co.za/files/Cms/General/d/3433/9a06e8865b024f8fb9da257cba10510a.jpg,2022-05-31T12:25:54Z,<ul><li>Two pupils have been suspended for allegedly assaulting a referee at a rugby game.</li><li>The referee is also a teacher at the Northern Cape school.</li><li>The pupils may also face sanction… [+2755 chars]
48,"{'id': 'associated-press', 'name': 'Associated Press'}",Zeke Miller,Biden to meet Fed chair as inflation bites pocketbooks - The Associated Press,WASHINGTON (AP) — President Joe Biden is set to meet with Federal Reserve Chairman Jerome Powell as soaring inflation takes a bite out of Americans' pocketbooks. The meeting Tuesday will be the first since Biden renominated Powell to lead the central bank and…,https://apnews.com/article/biden-jerome-powell-government-and-politics-economy-2b9295779a17e425d0d8da6f0f82176e,https://storage.googleapis.com/afs-prod/media/dc4afd13f49845a6989bd581913fad9b/3000.jpeg,2022-05-31T12:23:23Z,"WASHINGTON (AP) President Joe Biden is set to meet with Federal Reserve Chairman Jerome Powell as soaring inflation takes a bite out of Americans pocketbooks.
The meeting Tuesday will be the first s… [+2611 chars]"
49,"{'id': None, 'name': 'NDTV News'}",NDTV Sports Desk,"""As A Pakistani I am Saying"" Virat Kohli Is The ""Greatest Player Of All Time"": Shoaib Akhtar - NDTV Sports",Virat Kohli had hit a purple patch between 2015 to 2019 amassing centuries at will across formats and also guiding the team to greater heights.,https://sports.ndtv.com/cricket/as-a-pakistani-i-am-saying-virat-kohli-is-the-greatest-player-of-all-time-shoaib-akhtar-3026026,"https://c.ndtvimg.com/2022-03/4p7ml9l_virat-kohli-bcci_625x300_04_March_22.jpg?im=FeatureCrop,algorithm=dnn,width=1200,height=675",2022-05-31T12:22:58Z,Virat Kohli has had a difficult time of late as a batter. He has not scored an international century since November 2019 and struggled to get going in IPL 2022. The former Indian cricket team captain… [+1547 chars]
50,"{'id': None, 'name': 'NDTV News'}",,"For Arrested Delhi Minister Satyendar Jain, A Setback In Court - NDTV","Delhi Health Minister Satyendar Jain, arrested in an alleged money laundering case, has been sent to Enforcement Directorate custody till June 9.",https://www.ndtv.com/india-news/delhi-minister-satyendar-jain-sent-to-enforcement-directorate-custody-till-june-9-3025522,https://c.ndtvimg.com/2022-05/8v1lpl9_satyendar-jain-pti-650_650x400_31_May_22.jpg,2022-05-31T12:21:00Z,"New Delhi: Delhi Health Minister Satyendar Jain, arrested in an alleged money laundering case, has been sent to Enforcement Directorate custody till June 9.
The probe agency, which investigates fina… [+2478 chars]"
51,"{'id': None, 'name': 'Gadgets Now'}",IANS,"Webb telescope to explore two rocky, Earths-like planets - Gadgets Now","Nasa's much celebrated James Webb Space Telescope is just weeks away from full operation.The huge telescope plans to start it's in-depth science investigation by exploring strange, new rocky worlds in unprecedented detail.According to Nasa, it will study two …",https://www.gadgetsnow.com/tech-news/webb-telescope-to-explore-two-rocky-earths-like-planets/articleshow/91919105.cms,"https://static.toiimg.com/thumb/resizemode-4,msid-91919105,imgsize-113896,width-800/91919105.jpg",2022-05-31T12:21:00Z,"Nasa's much celebrated James Webb Space Telescope is just weeks away from full operation.The huge telescope plans to start it's in-depth science investigation by exploring strange, new rocky worlds i… [+2784 chars]"
52,"{'id': None, 'name': 'Guardian Nigeria'}",,"The Guardian's Special Focus on Most Dependable, Value-Driven Credit and Loan firm in Nigeria - Guardian Nigeria","Nigeria is a highly business-oriented economy with an estimated 37 million micro, small and medium-sized companies (MSMEs). The entrepreneurial economy contributes roughly 48% of the country’s gross domestic product and employs over 60 million people, making …",https://editor.guardian.ng/features/the-guardians-special-focus-on-most-dependable-value-driven-credit-and-loan-firm-in-nigeria/,https://guardian.ng/wp-content/uploads/2022/05/Page-Financial-CEO-Seguin-Akintemi-scaled.jpg,2022-05-31T12:16:00Z,"Nigeria is a highly business-oriented economy with an estimated 37 million micro, small and medium-sized companies (MSMEs). The entrepreneurial economy contributes roughly 48% of the countrys gross d… [+11301 chars]"
53,"{'id': None, 'name': 'Gcn.ie'}",,Second case of monkeypox confirmed in Republic of Ireland - http://gcn.ie/,"After the confirmation of the first case, HSE said it is ""not unexpected"" that a second case of monkeypox was confirmed in Ireland.",https://gcn.ie/second-case-monkeypox-ireland/,https://gcn.ie/wp-content/uploads/2022/05/monkeypox-second-1.jpg,2022-05-31T12:04:08Z,"Yesterday, May 30, the second case of monkeypox was confirmed in the Republic of Ireland after being investigated in the past few days.
The first case of monkeypox was notified to the Health Protect… [+2682 chars]"
54,"{'id': None, 'name': 'The Guardian'}",Jennifer Rankin,EU leaders say gas unlikely to be part of new round of Russia sanctions - The Guardian,Estonian PM says gas sanctions would be more difficult because it would affect whole of Europe,https://amp.theguardian.com/world/2022/may/31/eu-leaders-say-gas-unlikely-to-be-part-of-new-round-of-russia-sanctions,https://i.guim.co.uk/img/media/8d5daf152435b66cdff5b1cd954fdc672b12c651/0_129_3859_2316/master/3859.jpg?width=1200&height=630&quality=85&auto=format&fit=crop&overlay-align=bottom%2Cleft&overlay-width=100p&overlay-base64=L2ltZy9zdGF0aWMvb3ZlcmxheXMvdGctZGVmYXVsdC5wbmc&enable=upscale&s=bb44d5ba60c659822029dc993bdf70b6,2022-05-31T12:04:00Z,"EU leaders suggested Russian gas was unlikely to be part of the next round of sanctions against Vladimir Putins war machine, hours after agreeing a historic but incomplete oil embargo.
After nearly … [+3908 chars]"
55,"{'id': None, 'name': 'Toronto Star'}",,Here's what people are saying about the meteor shower - Toronto Star,"Earth was set to pass through a cluster of debris from the SW3 comet just after 1 a.m., according to experts.",https://www.thestar.com/news/gta/2022/05/31/a-meteor-shower-was-visible-from-ontario-last-night-heres-what-people-are-saying.html,https://images.thestar.com/C7JKzIJ9tv00Ma9ozECj_JSwML0=/1200x923/smart/filters:cb(1653997236502):format(webp)/https://www.thestar.com/content/dam/thestar/news/gta/2022/05/31/a-meteor-shower-was-visible-from-ontario-last-night-heres-what-people-are-saying/night_sky.jpg,2022-05-31T12:02:49Z,"Toronto residents still awake early Tuesday morning might have been able to see a meteor shower.
Earth was set to pass through a cluster of debris from the SW3 comet just after 1 a.m., according to … [+1037 chars]"
56,"{'id': None, 'name': 'CNBC'}","Carol E. Lee, Peter Nicholas, Kristen Welker and Courtney Kube",Inside a Biden White House adrift - CNBC,"Amid a rolling series of calamities and sinking approval ratings, the president’s feeling lately is that he just can’t catch a break — and that angst is rippling through his party.",https://www.cnbc.com/2022/05/31/inside-a-biden-white-house-adrift.html,https://image.cnbcfm.com/api/v1/image/107058276-1652122111001-gettyimages-1240566036-BIDEN_INTERNET.jpeg?v=1652122139&w=1920&h=1080,2022-05-31T12:02:07Z,"Faced with a worsening political predicament, President Joe Biden is pressing aides for a more compelling message and a sharper strategy while bristling at how they've tried to stifle the plain-speak… [+9700 chars]"
57,"{'id': None, 'name': 'Lowyat.NET'}",https://twitter.com/IkmalRozlan,"vivo Y55+ To Officially Land In Malaysia; Costs RM1,099 - Lowyat.NET",vivo is officially bringing the vivo Y55+ 5G into Malaysia as part of Yes' Infinite Plus offering. It will be,https://www.lowyat.net/2022/275016/vivo-y55-malaysia-rm1099/,https://www.lowyat.net/wp-content/uploads/2022/05/vivo-Y55-yes.jpg,2022-05-31T12:01:25Z,vivo is officially bringing the vivo Y55+ 5G into Malaysia as part of Yes’ Infinite Plus offering. It will be officially  available for purchase at all physical vivo and Yes stores starting from 9 Ju… [+1692 chars]
58,"{'id': 'cbs-news', 'name': 'CBS News'}",Jordan Freiman,"Jeff Gladney, Arizona Cardinals defensive back, dies in a car crash at age 25 - CBS News","""We are devastated to learn of Jeff Gladney's passing,"" the Cardinals said in a statement. ""Our hearts go out to his family, friends and all who are mourning this tremendous loss.""",https://www.cbsnews.com/news/jeff-gladney-dies-age-25-car-crash-nfl-arizona-cardinals/,https://cbsnews1.cbsistatic.com/hub/i/r/2022/05/30/fd0dd8f9-e5e2-4ee3-84db-79a780399cb8/thumbnail/1200x630/b08c0858c6c56a4e4b76ab2772d3cabd/gettyimages-1204011486.jpg,2022-05-31T12:01:00Z,"Jeff Gladney, a cornerback for the Arizona Cardinals, died Monday in a car crash, his agent confirmed to CBS News. He was 25.
The crash happened around 2:30 a.m. local time on the service road of th… [+1703 chars]"
59,"{'id': 'cbs-news', 'name': 'CBS News'}",Jaz Garner,Johnny Depp surprises fans at concert while jury deliberates in defamation trial - CBS News,Jurors started deliberations​ Friday in Depp's high-profile defamation lawsuit against ex-wife Amber Heard.,https://www.cbsnews.com/news/johnny-depp-jeff-beck-concert-amber-heard-trial-jury-deliberations/,https://cbsnews3.cbsistatic.com/hub/i/r/2022/05/30/df71024a-2987-4ca7-b482-b4afad921164/thumbnail/1200x630g2/39838f1231b1b83ee991be63d960468a/2022-05-30t131320z-2115850215-rc29hu9nbbdl-rtrmadp-3-people-depp-britain-concert.jpg,2022-05-31T11:58:00Z,"Johnny Depp joined rocker Jeff Beck onstage at a concert at Sheffield City Hall in Sheffield, England, as a jury deliberates in the $50 million defamation suit he has brought against ex-wife Amber He… [+1577 chars]"
60,"{'id': None, 'name': 'Pna.gov.ph'}",,Duterte gov't gives PH media 'safe environment': PTFoMS exec - pna.gov.ph,"MANILA &ndash; The Duterte administration has created a ""safe environment"" for Philippine journalists, Presidential Task Force on Media Security (PTFoMS) executive director Undersecretary Joel Sy Egco said on Tuesday.During the second day of the Duterte Legac…",https://www.pna.gov.ph/articles/1175607,https://files01.pna.gov.ph/ograph/2022/05/31/20220531144711049a3661.jpg,2022-05-31T11:56:54Z,"SAFE ENVIRONMENT. Presidential Task Force on Media Security executive director, Undersecretary Joel Sy Egco, reports the accomplishments on safeguarding press freedom under President Rodrigo Roa Dute… [+5202 chars]"
61,"{'id': None, 'name': 'Camdencourier.com.au'}",Farid Farid,Sydney warned after sixth Legionella case - Camden Haven Courier,People who have been in central Sydney are being warned to watch out for symptoms of legionnaires' disease...,https://www.camdencourier.com.au/story/7761246/sydney-warned-after-sixth-legionella-case/,https://www.camdencourier.com.au/images/transform/v1/crop/frm/silverstone-feed-data/1d937527-1fa1-4337-8402-5425f33588ad.jpg/r0_90_800_510_w1200_h630_fmax.jpg,2022-05-31T11:56:02Z,"People who have been in central Sydney are being warned to watch out for symptoms of legionnaires' disease after six cases were recorded in the past two weeks.
Two women and four men aged from their… [+968 chars]"
62,"{'id': None, 'name': 'Deadline'}",Max Goldbart,Kevin Spacey To “Voluntarily” Appear In UK Court To Face Four Sexual Assault Charges - Deadline,"Kevin Spacey will “voluntarily” appear in a UK court on four counts of sexual assault, following questions over whether he would need to be extradited from the U.S. In the past hour, the American Beauty star has given a statement to Good Morning America in wh…",https://deadline.com/2022/05/kevin-spacey-to-voluntarily-appear-in-uk-court-to-face-four-sexual-assault-charges-1235035711/,https://deadline.com/wp-content/uploads/2022/05/MEGA333027_001.jpg?w=1024,2022-05-31T11:51:00Z,"Kevin Spacey will “voluntarily” appear in a UK court on four counts of sexual assault, following questions over whether he would need to be extradited from the U.S.
In the past hour, the American Be… [+1289 chars]"
63,"{'id': None, 'name': 'Game Revolution'}",Mack Ashworth,"Wordle Answer 347: June 1, 2022 Word Solution - Game Revolution",Did you hear that noise?,https://www.gamerevolution.com/guides/707646-wordle-answer-347-june-1-2022-word-solution-creak-hint-answer,https://cdn-www.gamerevolution.com/assets/uploads/2022/05/Wordle-Answer-347.jpg,2022-05-31T11:45:26Z,"The Wordle answer 347 has been revealed for June 1, 2022. Todays answer shouldnt be too difficult to find, as it includes a healthy number of common letters and no dreaded duplicates. Need a hint? To… [+1551 chars]"
64,"{'id': None, 'name': 'Livemint'}",Livemint,"Fever That Can Bleed You To Death Sweeps This Country; Mortality Rate High, No Vaccines Yet | Mint - Mint","Nosebleed fever virus (CCHF) is transmitted to people either by tick bites or through contact with infected animals. .Its symptoms include headache, high fever, back pain, joint pain etc",https://www.livemint.com/news/world/fever-that-can-bleed-you-to-death-sweeps-this-country-mortality-rate-high-no-vaccines-yet-11653986755148.html,https://images.livemint.com/img/2022/05/31/600x338/IRAQ-HEALTH-LIVESTOCK-VIRUS-13_1653997092471_1653997105352.jpg,2022-05-31T11:45:08Z,"Iraq is on alert as the nation is witnessing a sudden outbreak of so-called nosebleed fever"". Recognised as the Crimean-Congo haemorrhagic fever, the disease has a high mortality rate and as per expe… [+2506 chars]"
65,"{'id': None, 'name': 'Zoom'}",TN Education Desk,"Rajasthan Board Result 2022 date, time: RBSE Result for 12th Science, Commerce tomorrow on rajresults.nic.in - Times Now","Rajasthan Board Result 2022 date and time for RBSE 12th Result 2022 announced. BSER Ajmer likely to release RBSE 12th Science and RBSE 12th Commerce results tomorrow - June 1, 2022. Check Rajasthan Board Result 2022 date and time here.",https://www.timesnownews.com/education/rajasthan-board-result-2022-date-time-rbse-result-for-12th-science-commerce-likely-june-1-on-rajresults-nic-in-article-91917442,"https://static.tnn.in/thumb/msid-91917442,imgsize-100,width-1280,height-720,resizemode-75/91917442.jpg",2022-05-31T11:42:42Z,"Watch: Kevin Pietersen posts adorable clips of his son batting in nets; Yuvraj Singh, Sunil Shetty react"
66,"{'id': None, 'name': 'India Today'}",,Punjabi singer Mankirt Aulakh demands security cover after Sidhu Moose Wala's murder - India Today,Punjabi singer Mankirt Aulakh has demanded security cover following the murder of singer Sidhu Moose Wala.,https://www.indiatoday.in/india/story/punjabi-singer-mankirt-aulakh-security-cover-sidhu-moose-wala-death-1956537-2022-05-31,https://akm-img-a-in.tosshub.com/indiatoday/images/story/202205/Collage_Maker-31-May-2022-05.0-647x363.jpeg?jhdsH1A6Z8Op1oCPOam6Lt4POvbfKrSB,2022-05-31T11:42:13Z,"Just days after the killing of Punjabi rapper Sidhu Moose Wala, the spotlight is on another singer, Mankirt Aulakh. According to sources, Aulakh had received similar death threats in April.
Aulakh h… [+874 chars]"
67,"{'id': None, 'name': 'Daily Mail'}",Jacob Ranson,Man United suffer summer rebuild blow with Barcelona midfielder Frenkie De Jong wanting to stay - Daily Mail,The Holland international midfielder starred under  ten Hag at Ajax between 2016 and 2019 and is said to be available for around £65million if Barca can replace the 25-year-old with a major name.,https://www.dailymail.co.uk/sport/football/article-10871045/Man-United-suffer-summer-rebuild-blow-Barcelona-midfielder-Frenkie-Jong-wanting-stay.html,https://i.dailymail.co.uk/1s/2022/05/31/12/58498919-0-image-a-86_1653996408245.jpg,2022-05-31T11:41:59Z,"Frenkie de Jong has revealed his desire to stay at Barcelona, rather than link up with his former manager Erik ten Hag at Manchester United.
The Holland international midfielder starred under Ten Ha… [+3469 chars]"
68,"{'id': None, 'name': 'The Star Online'}",The Star Online,"Luxury car convoy crash: Businesswoman, bodyguard fined RM2,000 - The Star Online","KULAI: A businesswoman and a bodyguard were each fined RM2,000 by the Magistrate's Court here on Tuesday (May 31) with regard to a crash and subsequent altercation along the North-South Highway, last March.",https://www.thestar.com.my/news/nation/2022/05/31/luxury-car-convoy-crash-businesswoman-bodyguard-fined-rm2000,https://apicms.thestar.com.my/uploads/images/2022/05/31/1605749.png,2022-05-31T11:29:00Z,"KULAI: A businesswoman and a bodyguard were each fined RM2,000 by the Magistrate's Court here on Tuesday (May 31) with regard to a crash and subsequent altercation along the North-South Highway, last… [+2016 chars]"
69,"{'id': None, 'name': 'Ctvnews.ca'}",,Canada summer forecast: The Weather Network's predictions - CTV News,"Seasonal or higher than normal temperatures across much of the country will offer Canadians a chance to enjoy the summer, but predictions from a prominent national forecaster warn the humidity could welcome a rather stormy few months.",https://www.ctvnews.ca/canada/hot-summer-temperatures-big-storms-to-sweep-much-of-canada-weather-network-predicts-1.5925518,https://www.ctvnews.ca/content/dam/ctvnews/en/images/2022/5/31/jason-roy-relaxes-in-the-ottawa-river-1-5925526-1653996242181.jpg,2022-05-31T11:28:00Z,"TORONTO - 
Seasonal or higher than normal temperatures across much of the country will offer Canadians a chance to enjoy the summer, but predictions from a prominent national forecaster warn the hum… [+3411 chars]"
70,"{'id': None, 'name': 'Independent.ie'}",Michael Verney,Garda investigation launched after 'alleged incident of assault' in Laois minor club game - Independent.ie,A Garda investigation has been launched in Laois after an &ldquo;alleged incident of assault&rdquo; at a minor club football game last night.,https://www.independent.ie/sport/gaelic-games/garda-investigation-launched-after-alleged-incident-of-assault-in-laois-minor-club-game-41705980.html,https://www.independent.ie/videos/60a89/41705933.ece/AUTOCROP/w1240h700/4829757-1653995574368613.jpg,2022-05-31T11:28:00Z,"A Garda investigation has been launched in Laois after an alleged incident of assault at a minor club football game last night.
The League meeting between Portarlington and Stradbally Parish Gaels w… [+650 chars]"
71,"{'id': 'cnn', 'name': 'CNN'}","Claudia Dominguez and Theresa Waldrop, CNN","Canada's Trudeau announces bill to cap sales, transfers and imports of all handguns in the country - CNN","Canadian Prime Minister Justin Trudeau on Monday announced the introduction of a bill that would place a national freeze on handgun ownership across Canada. The move would mean that Canadians will no longer be able to buy, sell, transfer or import handguns ""a…",https://www.cnn.com/2022/05/30/americas/canada-handgun-sales-cap/index.html,https://cdn.cnn.com/cnnnext/dam/assets/220530180133-trudeau-handgun-sales-cap-0530-super-tease.jpg,2022-05-31T11:13:00Z,
72,"{'id': None, 'name': 'Dot Esports'}",Mateusz Miter,Tanks to receive an 18 percent buff to threat in WoW Patch 9.2.5 - Dot Esports,Losing threat on enemies? The Blizzard devs are working on it.,https://dotesports.com/wow/news/tanks-18-percent-buff-to-threat-wow-patch-9-2-5/,https://cdn1.dotesports.com/wp-content/uploads/2022/05/31060006/5IDOOPM2F5SN1599022991558-768x432.jpg,2022-05-31T11:07:33Z,World of Warcraft Patch 9.2.5 is right around the corner. The next big patch is scheduled to release today in North America and tomorrow in Europe. Blizzard Entertainment has already released a few n… [+1335 chars]
73,"{'id': None, 'name': 'NDTV News'}",,Singer Sidhu Moose Wala's Father's Moving Gesture After Cremation - NDTV,"The inconsolable parents of Punjabi singer Sidhu Moose Wala showed exemplary courage as thousands of people paid their last respects to the couple's only child, who was murdered on Sunday.",https://www.ndtv.com/india-news/singer-sidhu-moose-walas-fathers-tragic-gesture-after-cremation-3025705,https://c.ndtvimg.com/2022-05/a1h5cgdg_sidhu-moose-wala-father_625x300_31_May_22.jpg,2022-05-31T11:06:51Z,"Singer Sidhu Moose Wala's father Balkaur Singh at the cremation of his son
New Delhi: The inconsolable parents of Punjabi singer Sidhu Moose Wala showed exemplary courage as thousands of people paid… [+1823 chars]"
74,"{'id': 'financial-times', 'name': 'Financial Times'}",Owen Walker,German police raid DWS and Deutsche Bank over greenwashing allegations - Financial Times,"News, analysis and comment from the Financial Times, the worldʼs leading global business publication",https://www.ft.com/content/ff27167d-5339-47b8-a261-6f25e1534942,,2022-05-31T11:06:12Z,"Expert insights, analysis and smart data help you cut through the noise to spot trends,
risks and opportunities.
Join over 300,000 Finance professionals who already subscribe to the FT."
75,"{'id': None, 'name': 'MyBroadband'}",https://www.facebook.com/mybroadband,The Ferrari of Internet connections in South Africa pricing compared - MyBroadband,MyBroadband compared the prices of 1 Gbps home fibre packages across four South African open-access networks.,https://mybroadband.co.za/news/broadband/445800-the-ferrari-of-internet-connections-in-south-africa-pricing-compared.html,https://mybroadband.co.za/news/wp-content/uploads/2020/05/Best-Fibre-Prices.jpg,2022-05-31T11:05:42Z,"Among prominent South African ISPs, RSAWeb and Webafrica offer consumers the most affordable 1 Gbps fibre packages across four of the country’s biggest fibre networks, a MyBroadband analysis shows.
… [+4027 chars]"
76,"{'id': None, 'name': 'Capacity Media'}",Alan Burkitt-Gray,Starlink to compete with operators in Nigeria and Mozambique - Capacity Media,"Regulators in Nigeria and Mozambique have approved the start of broadband satellite services via Starlink, part of Elon Musk’s SpaceX.",https://www.capacitymedia.com/article/2a62ld42y9ad5uuotxq80/news/starlink-to-compete-with-operators-in-nigeria-and-mozambique,https://assets.euromoneydigital.com/dims4/default/3ff8dfc/2147483647/strip/true/crop/400x210+0+29/resize/1200x630!/quality/90/?url=http%3A%2F%2Feuromoney-brightspot.s3.amazonaws.com%2F69%2F8a%2F920140562f8ca0ef1d755509582d%2Fserveimage,2022-05-31T11:05:31Z,"Regulators in both countries have not formally confirmed their decision, but Musk announced the plan via Twitter.
Starlinks extension to Nigeria and Mozambique follows an earlier announcement by the… [+1380 chars]"
77,"{'id': None, 'name': 'NewsBytes'}",Sneha Das,What is West Nile fever? Know about symptoms and prevention - NewsBytes,"A 47-year-old man from Thrissur, Kerala breathed her last on May 29 after suffering from the mosquito-borne disease called the West Nile fever",https://www.newsbytesapp.com/news/lifestyle/what-is-west-nile-fever/story,https://i.cdn.newsbytesapp.com/images/l26720220531121406.jpeg,2022-05-31T11:04:27Z,"What is West Nile fever? Know about symptoms and prevention
May 31, 2022, 04:34 pm2 min read
The West Nile fever has authorities scramming to remove mosquito breeding sites in Kerala after a 47-yea… [+2299 chars]"
78,"{'id': None, 'name': 'Rappler'}",,La Salle sweeps feisty UP for 2nd; Adamson ousts FEU from Final Four race - Rappler,"La Salle rallies from 6 points down in the third set to shut down UP's comeback attempt, while Adamson kicks FEU out of playoff contention for the first time since 2014",https://www.rappler.com/sports/uaap/game-results-volleyball-women-dlsu-lady-spikers-adamson-lady-falcons-may-31-2022/,https://www.rappler.com/tachyon/2022/05/UAAP-84-WVB-DLSU-vs.-UP-Jolina-Dela-Cruz-8137.jpg,2022-05-31T11:04:02Z,"MANILA, Philippines The La Salle Lady Spikers dug deep to turn back a feisty UP Fighting Maroons in a 25-21, 25-23, 25-21 sweep at the Mall of Asia Arena on Tuesday, May 31.
Rookie of the Year candi… [+1610 chars]"
79,"{'id': None, 'name': 'SFGate'}",Amy Graff,Massive 23andMe survey reveals who may be at the highest risk for long COVID - SFGATE,Who is more likely to develop long COVID-19? A new study offers clues.,https://www.sfgate.com/bayarea/article/Study-reveals-long-COVID-risks-17200501.php,https://s.hdnux.com/photos/01/25/74/74/22531854/5/rawImage.jpg,2022-05-31T11:04:01Z,"It's a question everyone wants answered: Who is more likely to develop long COVID-19, the debilitating symptoms that can linger for weeks, months or even longer, after an infection?A new unpublished … [+5637 chars]"
80,"{'id': 'ign', 'name': 'IGN'}",Ryan Dinsdale,Diablo: Immortal Won't Launch in Belgium and the Netherlands Due to Lootbox Laws - IGN - IGN,Diablo: Immortal will no longer be released in Belgium or the Netherlands due to lootboxes being illegal in both countries.,https://www.ign.com/articles/diablo-immortal-launch-belgium-netherlands-lootbox-law,https://assets-prd.ignimgs.com/2022/03/28/diablo-immortal-1648495505402.jpg?width=1280,2022-05-31T11:01:40Z,"Diablo: Immortal will no longer be released in Belgium or the Netherlands due to lootboxes being illegal in both countries.
The long-awaited mobile (and now PC) game finally arrives on June 2 but de… [+1885 chars]"
81,"{'id': None, 'name': 'AllAfrica - Top Africa News'}",,African Ministers Seek Ways to Boost Polio Outbreak Response - AllAfrica - Top Africa News,"African health ministers have met to seek ways of ramping up measures to halt the outbreak of Wild Poliovirus Type 1 in southern Africa, where the virus has been detected in two countries and a large-scale multi-country vaccination campaign is underway.

 

…",https://allafrica.com/view/group/main/main/id/00082326.html,https://cdn03.allafrica.com/download/pic/main/main/csiid/00590329:4d947dbeff58a5aa28700ad186876090:arc614x376:w1200.jpg,2022-05-31T11:00:40Z,"African health ministers have met to seek ways of ramping up measures to halt the outbreak of Wild Poliovirus Type 1 in southern Africa, where the virus has been detected in two countries and a large… [+1198 chars]"
82,"{'id': None, 'name': 'Phys.Org'}",Science X staff,New theoretical model accounts for sun's rotation and magnetic field - Phys.org,"In the early 2000s, a new set of data revised the chemical abundances at the surface of the sun, contradicting the values predicted by the standard models used by astrophysicists. Often challenged, these new abundances made it through several new analyses. As…",https://phys.org/news/2022-05-theoretical-accounts-sun-rotation-magnetic.html,https://scx2.b-cdn.net/gfx/news/2022/new-theoretical-model-1.jpg,2022-05-31T11:00:38Z,"In the early 2000s, a new set of data revised the chemical abundances at the surface of the sun, contradicting the values predicted by the standard models used by astrophysicists. Often challenged, t… [+5585 chars]"
83,"{'id': None, 'name': 'Daily Post Nigeria'}",Mike Oyebola,"Troost-Ekong speaks on Super Eagles’ loss to Mexico, hails NPFL players - Daily Post Nigeria","Super Eagles defender William Troost-Ekong has offered explanations for the team's 2-1 defeat to Mexico in Sunday's friendly encounter at the AT&T Stadium in Texas, United Sates. Jose Peseiro's side had little time to prepare for the game due to long travels …",https://dailypost.ng/2022/05/31/troost-ekong-speaks-on-super-eagles-loss-to-mexico-hails-npfl-players/,https://dailypost.ng/wp-content/uploads/2022/01/Troost-Ekong.jpeg,2022-05-31T11:00:37Z,"Super Eagles defender William Troost-Ekong has offered explanations for the team’s 2-1 defeat to Mexico in Sunday’s friendly encounter at the AT&amp;T Stadium in Texas, United Sates.
Jose Peseiro’s … [+1365 chars]"
84,"{'id': None, 'name': 'Telegraph.co.uk'}",,I banned my children from eating sugar – this is what happened next - The Telegraph,"80 per cent of youngsters eat three times the recommended limit each day, so one mother-of-four decided to put her kids on a new regime",https://www.telegraph.co.uk/family/life/banned-children-eating-sugar-happened-next/,https://www.telegraph.co.uk/content/dam/family/2022/05/30/sun-cover-sweets_4_trans_NvBQzQNjv4Bqu4gL7XWaXcg95Oi24fZsadf11FLKtqwYaxK652uKeQE.jpg?impolicy=logo-overlay,2022-05-31T11:00:00Z,"With no cereal boxes on the table at Monday breakfast, not even their usual Weetabix, and instead a choice of a boiled egg and soldiers or plain yogurt and fruit, I expect the boys to smell a rat, bu… [+3157 chars]"
85,"{'id': None, 'name': 'Moneycontrol'}",Aparna Iyer,"LIC made Rs 42k crore gains via share sale in FY22, remains contrarian equity investor - Moneycontrol",The insurance behemoth will focus exclusively on increasing the share of non-participatory products to drive growth and profitability in FY23.,https://www.moneycontrol.com/news/business/earnings/lic-made-rs-42k-crore-gains-via-share-sale-in-fy22-remains-contrarian-equity-investor-8614181.html,https://images.moneycontrol.com/static-mcnews/2022/05/Untitled-design-2-770x433.png,2022-05-31T10:52:55Z,"Life Insurance Corporation of India (LIC), Indias largest asset manager and also the biggest bailout balance sheet for the government, has raked in a cool Rs 42,000 crore worth of realised gains from… [+2710 chars]"
86,"{'id': None, 'name': '9News'}",Marina Trajkovich,The suburbs where unit prices are decreasing amid Brisbane's housing crisis - 9News,"<p>As housing prices reach record highs in south-east <a href=""http://9news.com.au/queensland"" title=""Queensland"" target="""" rel="""">Queensland</a>, new data shows units in some Brisbane suburbs are actually getting cheaper. </p>",https://www.9news.com.au/national/queensland-the-suburbs-where-unit-prices-are-decreasing-amid-brisbanes-housing-crisis/d3806afc-db83-471b-a9f4-cad85dd934a4,https://imageresizer.static9.net.au/XVYk18w3yO-0x5g0ADh_Elf4Kew=/0x81:1252x786/1200x628/smart/https%3A%2F%2Fprod.static9.net.au%2Ffs%2Fca01de86-cacd-4efc-bffc-a051ee6e9488,2022-05-31T10:52:37Z,Property News: Music promoter Michael Coppel sells Toorak home for more than $30 million - domain.com.au
87,"{'id': None, 'name': 'TribLIVE'}",Tim Benz,First Call: Aaron Donald doesn't 'need to play football to be fine'; Jacob Trouba takes out another skater - TribLIVE,Pitt Panthers great Aaron Donald continues to leave his future up in the air. A pair of former Pirates exchange big blows at the plate in New York. Jacob Trouba is at it again for the New York Rangers. And a one-time Penguin has a new job with another former,https://triblive.com/sports/first-call-aaron-donald-doesnt-need-to-play-football-to-be-fine-jacob-trouba-takes-out-another-skater/,https://assets-varnish.triblive.com/2022/05/5103851_web1_ptr-Trouba1-051322.jpg,2022-05-31T10:44:35Z,Pitt Panthers great Aaron Donald continues to leave his future up in the air. A pair of former Pirates exchange big blows at the plate in New York. Jacob Trouba is at it again for the New York Ranger… [+5364 chars]
88,"{'id': None, 'name': 'New York Post'}",Nika Shakhnazarova,"Tom Cruise didn't want to make 'Top Gun' sequel, had to be convinced - New York Post ","“When I got there, I found that Tom really didn’t want to make another ‘Top Gun,'” director Joseph Kosinski revealed.",https://nypost.com/2022/05/31/tom-cruise-didnt-want-to-make-top-gun-sequel/,https://nypost.com/wp-content/uploads/sites/2/2022/05/newspress-collage-22468906-1653991557591.jpg?quality=75&strip=all&1653977352&w=1024,2022-05-31T10:43:00Z,"Director Joseph Kosinski said he had just 30 minutes to convince Tom Cruise to star in “Top Gun: Maverick.”
Revealing Cruise “really didn’t want to” make a sequel to the hit 1986 blockbuster, Kosins… [+2410 chars]"
89,"{'id': None, 'name': '1news.co.nz'}",,Video shows Mona Lisa smeared with cake after bizarre protest - 1News,"The young man shouted at those in the Louvre to ""Think of the Earth!""",https://www.1news.co.nz/2022/05/31/video-shows-mona-lisa-smeared-with-cake-after-bizarre-protest/,https://tvnz-1-news-prod.cdn.arcpublishing.com/resizer/KHWDNFKothLVCpzhTeLjsYzv1dI=/1200x630/filters:format(png):quality(70):focal(-5x-5:5x5)/cloudfront-ap-southeast-2.images.arcpublishing.com/tvnz/U3KV4SJUZBG7BNKUKVMJMQY7OU.png,2022-05-31T10:40:57Z,"A man seemingly disguised as an old woman in a wheelchair threw a piece of cake at the glass protecting the Mona Lisa at the Louvre Museum and shouted at people to think of planet Earth.
The Paris p… [+1459 chars]"
90,"{'id': None, 'name': 'Droidsans.com'}",,Honor 70 - Droidsans,The First Android Community in Thailand,https://droidsans.com/tag/honor-70/,https://images.droidsans.com/wp-content/uploads/2022/05/2022_05_31_ปก_Web_เปิดตัว_Honor_70_Series-1000x600.jpg,2022-05-31T10:37:21Z,"OPPO Reno8 Series 3 OPPO Reno8, Reno8 Pro ..."
91,"{'id': None, 'name': 'The Punch'}",Agency Report,"No Tobacco Day: WHO advocates levies, says crop threat to environment - Punch Newspapers","The World Health Organisation has called on African Governments to impose environmental tax levies on tobacco across the value and supply chains, including production, processing, distribution, sales, consumption, and waste management.",https://punchng.com/no-tobacco-day-who-advocates-levies-says-crop-threat-to-environment/,https://cdn.punchng.com/wp-content/uploads/2022/05/31122449/000_32BL79D.jpg,2022-05-31T10:36:54Z,"The World Health Organisation has called on African Governments to impose environmental tax levies on tobacco across the value and supply chains, including production, processing, distribution, sales… [+4523 chars]"
92,"{'id': None, 'name': 'Telegraph.co.uk'}",,"Politics latest news: Boris Johnson faces no confidence vote by end of June, warns Lord Hague - The Telegraph","A vote of no confidence in Boris Johnson's leadership is likely to take place by the end of June, Lord Hague has predicted as he said the Prime Minister is in &quot;very serious trouble&quot;.",https://www.telegraph.co.uk/politics/2022/05/31/boris-johnson-news-vote-no-confidence-partygate-immigration/,https://www.telegraph.co.uk/content/dam/politics/2022/05/31/TELEMMGLPICT000297721510_trans_NvBQzQNjv4BqYDMticX_b9lIs0227iWwUQGGCHlEEE6obCLF-Nl27bg.jpeg?impolicy=logo-overlay,2022-05-31T10:34:22Z,"Lord Hague, the former leader of the Conservative Party, said he believes Boris Johnson is in ""very serious trouble"" and predicted a no confidence vote will take place by the end of June. 
Speaking … [+925 chars]"
93,"{'id': None, 'name': '9News'}",Marina Trajkovich,Tremors felt after 3-magnitude earthquake in south-east Queensland - 9News,<p>Over 500 people have reported feeling the earthquake in Queensland&#x27;s Moreton Bay region this afternoon.</p>,https://www.9news.com.au/national/magnitude-3-earthquake-felt-in-southeast-queensland/dd618986-2248-471e-ba20-9a4047e79922,https://imageresizer.static9.net.au/76V44YQr_sdGKdtmHg2KUJMfYxY=/236x100:730x378/1200x628/smart/https%3A%2F%2Fprod.static9.net.au%2Ffs%2Fe3fd8e16-7fb7-48f8-b8db-63d72effc890,2022-05-31T10:32:37Z,
94,"{'id': None, 'name': 'New York Times'}","Luke Broadwater, Alan Feuer","Peter Navarro, Former Trump Aide, Gets Grand Jury Subpoena in Jan. 6 Inquiry - The New York Times","The subpoena, the latest indication of an expanding inquiry by federal prosecutors, seeks Mr. Navarro’s testimony and any records he has related to the attack on the Capitol last year.",https://www.nytimes.com/2022/05/30/us/politics/peter-navarro-jan-6-subpoena.html,https://static01.nyt.com/images/2022/05/30/us/politics/30dc-investigate-navarro/30dc-investigate-navarro-facebookJumbo.jpg,2022-05-31T10:30:00Z,"In April, Ali Alexander, a prominent Stop the Steal organizer, revealed that he had been served with his own grand jury subpoena, asking for records about people who organized, spoke at or provided s… [+1995 chars]"
95,"{'id': None, 'name': 'Huaweicentral.com'}",Deng Li,Huawei Watch 3 with eSIM gets discounted price of 1879 yuan - HC Newsroom,"Huawei Watch 3 is the first smartwatch that comes with HarmonyOS operating system. The Huawei Watch 3 is currently at a discounted price of 1879 yuan during the special JD sale in China. During the Jingdong 618 pre-sale, the pre-sale price is 1,999 yuan for H…",https://www.huaweicentral.com/huawei-watch-3-with-esim-gets-discounted-price-of-1879-yuan/,https://www.huaweicentral.com/wp-content/uploads/2021/10/huawei-watch-3ww-1000x576.jpg,2022-05-31T10:29:01Z,"Huawei FreeBuds Pro noise cancellation earbuds are now available at an all-time low discount price during the JD promotion sale in China. According to the information, Huawei FreeBuds Pro is availabl… [+2673 chars]"
96,"{'id': None, 'name': 'CNBCTV18'}",CNBCTV18.com,Stock Market LIVE Updates: Sensex and Nifty50 likely to open lower today ahead of GDP data — track SGX futures - CNBCTV18,"Stock Market LIVE Updates: Indian equity benchmarks BSE Sensex and NSE Nifty50 started Tuesday's session in the red, retreating from nearly one-month highs, as Dalal Street tracked a lacklustre trend across Asia following a holiday on Wall Street. Financial a…",https://www.cnbctv18.com/market/stocks/stock-market-news-live-updates-sgx-nifty50-bse-sensex-sun-pharma-irctc-lic-gdp-data-covid-brent-crude-bitcoin-gold-rate-13666092.htm,https://images.cnbctv18.com/wp-content/uploads/2022/05/closing31.png,2022-05-31T10:28:57Z,
97,"{'id': None, 'name': 'GMA News'}","ANNA FELICIA BAJO, GMA News",House adopts Senate bill doubling monthly pension of indigent seniors - GMA News Online,"The House of Representatives has adopted the Senate version of the measure doubling the monthly social pension of indigent senior citizens from P500 to P1,000.",https://www.gmanetwork.com/news/money/economy/833457/house-adopts-senate-bill-doubling-monthly-pension-of-indigent-seniors/story/,https://images.gmanews.tv/webpics/2020/12/housereps_2020_12_03_21_50_29.jpg,2022-05-31T10:27:02Z,"The House of Representatives has adopted the Senate version of the measure doubling the monthly social pension of indigent senior citizens from P500 to P1,000.
 Senate Bill 2506 was adopted as an am… [+746 chars]"
98,"{'id': 'bbc-news', 'name': 'BBC News'}",https://www.facebook.com/bbcnews,Avon and Somerset only police force meeting 999 call-answering targets - BBC,Avon and Somerset Police is meeting the target to answer 90% of 999 calls in less than 10 seconds.,https://www.bbc.co.uk/news/uk-england-bristol-61645151,https://ichef.bbci.co.uk/news/1024/branded_news/C308/production/_124982994_df086fe5-5071-4292-93bf-f78cb5b5946c.jpg,2022-05-31T10:26:30Z,"Image caption, Assistant Chief Constable Alan Todd, from the National Police Chief's Council said a lag in connecting calls could contribute to waits
Just one police force in England and Wales is me… [+2019 chars]"
99,"{'id': None, 'name': 'Daily Mail'}",Millie Payne,Peter Andre reveals his car has been broken into following his latest Grease performance - Daily Mail,"Peter Andre's car was broken into on Monday night, with the singer revealing the culprit had 'got all the stuff' while he was on stage.",https://www.dailymail.co.uk/tvshowbiz/article-10870813/Peter-Andre-reveals-car-broken-following-latest-Grease-performance.html,https://i.dailymail.co.uk/1s/2022/05/31/13/58500243-0-image-a-17_1653999218111.jpg,2022-05-31T10:26:24Z,"Peter Andre's car was broken into on Monday night, with the singer revealing the culprit had 'got all the stuff' while he was on stage.
The devastated star, who is currently starring in Grease The M… [+4132 chars]"
